ik14,canon_smiles,cmax_mg_L,dose_mg,n_records,n_sources,cmax_per_dose,log_cmax_per_dose
ACTOXUHEUCPTEW,CO[C@@H]1[C@@H](O[C@@H]2O[C@H](C)[C@@H](O[C@H]3C[C@@](C)(O)[C@@H](O)[C@H](C)O3)[C@H](N(C)C)[C@H]2O)[C@@H](CC=O)C[C@@H](C)[C@@H](O[C@H]2CC[C@H](N(C)C)[C@@H](C)O2)/C=C/C=C/C[C@@H](C)OC(=O)C[C@H]1O,2.276262,2000.0,3,1,0.001138131,-2.9438077473409408
ACWBQPMHZXGDFX,CCCCC(=O)N(Cc1ccc(-c2ccccc2-c2nnn[nH]2)cc1)[C@H](C(=O)O)C(C)C,4.837997898999999,320.0,9,1,0.015118743434374998,-1.820484302895307
ADHKYAXGWCBOHI,Cn1c([S+](C)[O-])nc(-c2ccc(F)cc2)c1-c1ccnc(N)c1,0.09085725,15.0,6,1,0.00605715,-2.217731671282107
AEQFSUDEHCCHBT,CCCC(CCC)C(=O)[O-].[Na+],103.320366501,900.0,2,2,0.11480040722333333,-0.9400565713933337
AEUTYOVWOVBAKS,CC[C@@H](CO)NCCN[C@@H](CC)CO,2.1999998645,15.0,3,2,0.14666665763333334,-0.8336686049820677
AFZFFLVORLEPPO,CO/N=C(\C(=O)N[C@@H]1C(=O)N2C(C(=O)OCOC(=O)C(C)(C)C)=C(/C=C\c3scnc3C)CS[C@H]12)c1csc(N)n1,3.7000014662,400.0,1,1,0.0092500036655,-2.03385809516301
AHJUHHDDCJQACA,COc1cc2c(cc1OC)CN(CCc1ccc(-n3nnc(-c4cc(OC)c(OC)cc4NC(=O)c4cc(=O)c5ccccc5o4)n3)cc1)CC2,0.01455066561,630.0,2,1,2.3096294619047617e-05,-4.636457689180568
AIJTTZAVMXIJGM,Cc1c(F)c(N2CCNC(C)C2)cc2c1c(=O)c(C(=O)O)cn2C1CC1,1.3999995719999998,400.0,1,1,0.0034999989299999996,-2.455932088419772
AJFTZWGGHJXZOB,CS(=O)(=O)c1ccc(-c2cc(Br)sc2-c2ccc(F)cc2)cc1,60.50000170759999,10.0,1,1,6.050000170759999,0.7817553869103406
AOTRIQLYUAFVSC,CN(C)CCCOc1ccc(-c2ccc3ncc4c(c3c2)n(C2CCOCC2)c(=O)n4C)cn1,0.028545796649999997,45.0,4,1,0.0006343510366666666,-3.197670346065811
AVAACINZEOAHHE,C[C@@H](O)[C@H]1C(=O)N2C(C(=O)O)=C(S[C@@H]3CN[C@H](CNS(N)(=O)=O)C3)[C@H](C)[C@H]12,18.899998564199997,500.0,5,2,0.037799997128399994,-1.4225082331553696
AVKUERGKIZMTKX,CC1(C)S[C@@H]2[C@H](NC(=O)[C@H](N)c3ccccc3)C(=O)N2[C@H]1C(=O)O,3.200001603,500.0,1,1,0.006400003206,-2.1938198084617753
AVPQPGFLVZTJOR,COc1c(N2C[C@@H](C)C[C@H](N)C2)ccc2c(=O)c(C(=O)O)cn(C3CC3)c12,3.0789998783999994,500.0,18,2,0.0061579997567999985,-2.2105603325845617
AWZCBGWZNHQCIZ,COc1ccc(-c2c(-c3ccc(C#N)c(F)c3)nc(N3CCC(N)CC3)n(C)c2=O)cc1F.O=S(=O)(O)c1ccccc1,0.025654492799999994,5.0,1,1,0.005130898559999999,-2.2898065714424
AYUNIORJHRXIBJ,C=CCNC1=C2C[C@@H](C)C[C@H](OC)[C@H](O)[C@@H](C)/C=C(\C)[C@H](OC(N)=O)[C@@H](OC)/C=C\C=C(/C)C(=O)NC(=CC1=O)C2=O,4.3927499999999995,220.0,1,1,0.019967045454545453,-1.6996861934025462
BCEHBSKCWLPMDN,C[C@@H](c1ncncc1F)[C@](O)(Cn1cncn1)c1ccc(F)cc1F,2.8099999439999994,300.0,11,6,0.009366666479999997,-2.0284149434695617
BEMBRAMZGVDPMH,CCN1c2ncc(CCOc3cc[n+]([O-])c4ccccc34)cc2C(=O)N(C)c2cccnc21,0.34400017819999995,50.0,15,1,0.006880003563999999,-2.1624113367899054
BHJQDLZFYNILHA,CCCCCCCCCCNCCN[C@@]1(C)C[C@H](O[C@H]2[C@H](Oc3c4cc5cc3Oc3ccc(cc3Cl)[C@@H](O)[C@@](C)(NC(=O)[C@@H](CC(C)C)NC)C(=O)N[C@@H](CC(N)=O)C(=O)N[C@H]5C(=O)N[C@H]3C(=O)N[C@H](C(=O)N[C@@H](C(=O)O)c5cc(O)c(CNCP(=O)(O)O)c(O)c5-c5cc3ccc5O)[C@H](O)c3ccc(c(Cl)c3)O4)O[C@H](CO)[C@@H](O)[C@@H]2O)O[C@@H](C)C1O,44.9999958642,5.0,1,1,8.99999917284,0.9542424695247649
BIDNLKIUORFRQP,CCC(=O)O[C@@H](O[P@](=O)(CCCCc1ccccc1)CC(=O)N1C[C@H](C2CCCCC2)C[C@H]1C(=O)O)C(C)C,0.10000069469999999,10.0,1,1,0.01000006947,-1.999996982966714
BJDCWCLMFKKGEE,C[C@H]1[C@@H](O)O[C@@H]2O[C@@]3(C)CC[C@H]4[C@H](C)CC[C@@H]1[C@@]24OO3,0.6979996319999999,40.0,1,1,0.0174499908,-1.7582047976738722
BLRVZPKSUIBXIH,C/C(=N\O)c1nc([C@@H](O)[C@H](O)[C@H](O)CO)c[nH]1.Cl,0.8451,1.0,1,1,0.8451,-0.07309189829456422
BMGQWWVMWDBQGC,CO[C@@H]1[C@H](N(C)C(=O)c2ccccc2)C[C@H]2O[C@]1(C)n1c3ccccc3c3c4c(c5c6ccccc6n2c5c31)C(=O)NC4,1.6049987769999998,50.0,1,1,0.03209997554,-1.4934952985249434
BMPDWHIDQYTSHX,NC(=O)N1c2ccccc2C[C@@H](O)c2ccccc21,0.7628699999999999,300.0,1,1,0.0025429,-2.5946707181971242
BMPDWHIDQYTSHX,NC(=O)N1c2ccccc2C[C@H](O)c2ccccc21,2.79719,300.0,1,1,0.009323966666666668,-2.0303992877585615
BPRHUIZQVSMCRT,CC(C)c1nc(N(C)S(C)(=O)=O)nc(-c2ccc(F)cc2)c1/C=C/[C@@H](O)C[C@@H](O)CC(=O)O,0.004580022049999999,10.0,1,1,0.00045800220499999994,-3.3391324311292587
BRUQQQPBMZOVGD,COc1ccc2c3c1O[C@H]1C(=O)CC[C@@]4(O)[C@@H](C2)N(C)CC[C@]314,0.015768499999999998,5.0,1,1,0.0031536999999999997,-2.5011796218952904
BUPRVECGWBHCQV,CC1(C)c2nc(-c3ccc(F)cc3)c(Nc3ccc(F)cc3)n2CCN1C(=O)CN,0.007599666199999998,1200.0,1,1,6.333055166666665e-06,-5.198386728856533
BUXIAWLTBSXYSW,Cc1c(C#N)cccc1-c1cc(-c2cn(Cc3cccc(C(C)(C)O)n3)nn2)nc(N)n1,1.1720011584,200.0,1,1,0.005860005792,-2.2321019547272343
BZCALJIHZVNMGJ,Cc1cc(OCCCS(C)(=O)=O)cc(C)c1-c1cccc(COc2ccc3c(c2)OC[C@H]3CC(=O)O)c1,5.3000024688,50.0,1,1,0.106000049376,-0.9746939324359907
CAKRAHQRJGUPIG,NCCCC(O)(P(=O)([O-])O)P(=O)(O)O.[Na+],0.05774003999999999,70.0,2,1,0.0008248577142857141,-3.0836209596075315
CGBYTKOSZYQOPV,COP(=O)(c1cc(C)cc(/C=C/C#N)c1)c1c(C(N)=O)[nH]c2ccc(Cl)cc12,2.39999862,400.0,13,1,0.00599999655,-2.221848999335755
CGDZXLJGHVKVIE,O=C(N[C@@H]1CC[C@@H](c2cccc(F)c2F)CN(CC(F)(F)F)C1=O)N1CCC(n2c(=O)[nH]c3ncccc32)CC1,0.9064479999999999,150.0,1,1,0.0060429866666666665,-2.2187483639841235
CIKVHUDEOYKYGJ,CN1CCc2nc(C(=O)N[C@@H]3C[C@@H](C(=O)N(C)C)CC[C@@H]3NC(=O)C(=O)O)sc2C1,0.0149019312,60.0,1,1,0.00024836552,-3.604908696390479
CKLPLPZSUQEDRT,C[C@H]1Cc2c([nH]c3cc(Cl)c(F)cc23)[C@@]2(N1)C(=O)Nc1ccc(Cl)cc12,1.8849996864,225.0,4,2,0.008377776384,-2.076871235821413
CNPVJJQCETWNEU,COC[C@@H](c1ccc(C(F)(F)F)cc1)N1CCN(C2(C)CCN(C(=O)c3c(C)ncnc3C)CC2)C[C@@H]1C,0.8380015739999999,200.0,11,1,0.004190007869999999,-2.3777851613071266
CQKFXYUMOBQSLF,Cc1ccc([C@@H]2C[C@H](CN[C@H](C)c3cccc4ccccc34)Oc3ccccc32)cc1C(=O)O.Cl,0.3966317416,25.0,3,1,0.015865269664,-1.7995525417424618
CSKDFZIMJXRJGH,O=C(NN1C(=O)[C@@H]2[C@@H]3C=C[C@@H]([C@H]4C[C@@H]34)[C@@H]2C1=O)c1ccc(C(F)(F)F)cc1,1.456999228,250.0,23,3,0.005827996912,-2.234480687015588
CTRLABGOLIVAIY,NC(=O)N1c2ccccc2CC(=O)c2ccccc21,0.50454,300.0,1,1,0.0016818,-2.7742256518560704
CTTGKZJUGYVDAB,CO[C@@H]1[C@H](OC(=O)N[C@@H](C(N)=O)C(C)(C)O)CC[C@]2(CO2)[C@H]1[C@@]1(C)O[C@@H]1C[C@@H]1OC1(C)C,0.0033998533799999998,15.0,1,1,0.00022665689199999998,-3.644631070728117
CTTGKZJUGYVDAB,CO[C@@H]1[C@H](OC(=O)N[C@@H](C(N)=O)C(C)(C)O)CC[C@]2(CO2)[C@H]1[C@@]1(C)O[C@@H]1C[C@H]1OC1(C)C,0.00410018574,15.0,1,1,0.000273345716,-3.563287728182301
CUTZNERBKDMLAP,O=C(O)c1n[nH]c2c1C[C@H]1C[C@@H]21,0.006763392,150.0,17,1,4.508928e-05,-4.345926699590825
CZFFBEXEKNGXKS,Cc1nnc(C(=O)NC(C)(C)c2nc(C(=O)NCc3ccc(F)cc3)c(O)c(=O)n2C)o1,1.423499481,400.0,20,7,0.0035587487024999996,-2.448702678186314
DBPMWRYLTBNCCE,COc1ncc(OC)c2c(C(=O)C(=O)N3CCN(C(=O)c4ccccc4)CC3)c[nH]c12,4.0999998688,800.0,1,1,0.005124999836,-2.2903061441696315
DCZOKUPYRTZAFN,COc1cc2c(cc1OC)C(=O)C(CC1(F)CCN(Cc3ccccc3F)CC1)C2,0.0086087456,4.0,5,1,0.0021521864,-2.667120117305976
DDBREPKUVSBGFI,CCC1(c2ccccc2)C(=O)NC(=O)NC1=O,5.500000576,2.9,1,1,1.8965519227586207,0.27796473707776204
DDUHZTYCFQRHIY,COC1=CC(=O)C[C@@H](C)[C@]12Oc1c(Cl)c(OC)cc(OC)c1C2=O,0.6365999227499999,250.0,2,1,0.0025463996909999994,-2.59407342708773
DFHHLTRPIUJKPY,CS(=O)(=O)CCNCc1ccc(-c2ccc3ncn[14c](Nc4ccc(OCc5cccc(F)c5)c(Cl)c4)c3c2)o1.Cc1ccc(S(=O)(=O)O)cc1.O,0.9581635151999999,250.0,1,1,0.0038326540607999996,-2.4165003788322155
DKMACHNQISHMDN,CNC(=O)[C@@H](c1ccccc1)N1CCc2cc(OC)c(OC)cc2[14C@@H]1CCc1ccc(C(F)(F)F)cc1,0.6806342399999998,200.0,5,1,0.003403171199999999,-2.4681162027275483
DKSVBVKHUICELN,CCOc1noc2cc(OCCC3CCN(c4ccc(C)nn4)CC3)ccc12,1.8899987573999997,400.0,1,1,0.004724996893499999,-2.3255984726862002
DOAKLVKFURWEDJ,CCCCCCCCCC(=O)N[C@@H](Cc1c[nH]c2ccccc12)C(=O)N[C@H](CC(N)=O)C(=O)N[C@@H](CC(=O)O)C(=O)N[C@@H]1C(=O)NCC(=O)N[C@@H](CCCN)C(=O)N[C@@H](CC(=O)O)C(=O)N[C@H](C)C(=O)N[C@@H](CC(=O)O)C(=O)NCC(=O)N[C@H](CO)C(=O)N[C@@H]([C@H](C)CC(=O)O)C(=O)N[C@@H](CC(=O)c2ccccc2N)C(=O)O[C@@H]1C,54.8,123.0,8,2,0.4455284552845528,-0.3511245529550288
DRMJRHUMYBYDIX,CC(=O)Nc1cc(-c2c(-c3ccc(F)cc3)nc([S+](C)[O-])n2C)ccn1,0.114969141,20.0,7,1,0.00574845705,-2.2404487091526737
DXNPMWVLIOKPNO,Nc1nc2c(ncn2[C@H]2CO[C@@H](CO)O2)c(=O)[nH]1,1.4299991771999998,500.0,4,1,0.0028599983543999997,-2.5436342167573924
DYIIYIJHDMIABW,CCC(=O)c1sc(-c2ccc(Cl)cc2)c(C)c1-c1ccc(S(N)(=O)=O)cc1,0.0251010092,100.0,1,1,0.000251010092,-3.6003088171173614
DYKFCLLONBREIL,CN(C)c1ccc(O)c2c1C[C@H]1C[C@H]3[C@H](N(C)C)C(O)=C(C(N)=O)C(=O)[C@@]3(O)C(O)=C1C2=O,0.5999987443999999,100.0,1,1,0.005999987443999999,-2.221849658450893
DYLGFOYVTXJFJP,CCCCN(CCCC)CC(O)c1cc(Cl)cc2c1-c1ccc(Cl)cc1/C2=C/c1ccc(Cl)cc1,1.286501611,120.0,8,2,0.010720846758333335,-1.9697709116629598
DZZWHBIBMUVIIW,C[C@@H]1CN(c2c(F)c(N)c3c(=O)c(C(=O)O)cn(C4CC4)c3c2F)C[C@H](C)N1,1.0000019476,400.0,1,1,0.0025000048689999997,-2.6020591454968534
FAEKWTJYAYMJKF,CCOc1cc(CC(=O)N[C@@H](CC(C)C)c2ccccc2N2CCCCC2)ccc1C(=O)O,0.051401782,2.0,12,1,0.025700891,-1.5900518202610874
FDLYAMZZIXQODN,O=C(c1cc(Cc2n[nH]c(=O)c3ccccc23)ccc1F)N1CCN(C(=O)C2CC2)CC1,2.5999988210000002,400.0,1,1,0.0064999970525,-2.187086840293033
FDMUNKXWYMSZIR,C[C@H]1[C@H](N2CCS(=O)(=O)CC2)O[C@@H]2O[C@@]3(C)CC[C@H]4[C@H](C)CC[C@@H]1[C@@]24OO3,0.14464917484999995,40.0,22,1,0.003616229371249999,-2.44174403076611
FDTZUTSGGSRHQF,O=C(Nc1ncc([N+](=O)[O-])s1)c1ccccc1O,10.600000075,500.0,1,1,0.021200000150000002,-1.6736641359984101
FIHJKUPKCHIPAT,C[C@H]1[C@H](OC(=O)CCC(=O)O)O[C@@H]2O[C@@]3(C)CC[C@H]4[C@H](C)CC[C@@H]1[C@@]24OO3,0.26214858345000003,4.0,2,1,0.06553714586250001,-1.1835124760320272
FJPYVLNWWICYDW,O=C1NC(=O)C(c2ccccc2)(c2ccccc2)N1.[Na+],4.1681273026,300.0,3,2,0.013893757675333334,-1.8571802800394177
FWCVZAQENIZVMY,CC(C)n1nccc1-c1ncccc1COc1cccc(O)c1C=O,190.569093,2800.0,2,1,0.06806039035714286,-1.1671055643576507
FYMYTDSZTBRCGD,C[C@H]1[C@H](N2CCS(=O)(=O)CC2)O[C@@H]2O[C@]3(C)C[C@H](O)[C@H]4[C@H](C)CC[C@@H]1[C@@]24OO3,0.0664984104,80.0,5,1,0.00083123013,-3.0802787230837203
GAWUJFVQGSLSSZ,N#C[C@@H]1C[C@@H]2C[C@@H]2N1C(=O)[C@@H](N)C12CC3CC(O)(CC(O)(C3)C1)C2,0.6060014699999999,50.0,1,1,0.0121200294,-1.916496326684396
GCWIQUVXWZWCLE,Cc1noc2c1-c1ccccc1C(c1ccc(Cl)cc1)=N[C@H]2CC(N)=O,2.158338,300.0,1,1,0.007194460000000001,-2.1430017976719546
GEJDELDOOCQBCA,C[C@@]1(O)CC[C@H]2[C@H](CC[C@@H]3[C@@H]2CC[C@]2(C)[C@@H](C(=O)CO)CC[C@@H]32)C1,0.042464774999999996,30.0,2,1,0.0014154925,-2.8490924274060796
GGXKWVWZWMLJEH,CC(=O)OCC(CCn1cnc2cnc(N)nc21)COC(C)=O,1.9900007787999998,1.4,4,2,1.4214291277142856,0.15272521069552705
GJJFMKBJSRMPLA,CCN(CC)C(=O)C1(c2ccccc2)CC1CN,0.2396,100.0,1,1,0.002396,-2.620513186282726
GMRJAYKIRXDGFT,CN(C)C(=O)[C@H]1CC[C@H](NC(=O)C(=O)Nc2ccc(Cl)cn2)[C@H](NC(=O)c2nc3c(s2)CNCC3)C1,0.006990583599999998,60.0,1,1,0.00011650972666666664,-3.9336378166008106
GMRQFYUYWCNGIN,C=C1/C(=C\C=C2/CCC[C@]3(C)[C@@H]([C@H](C)CCCC(C)(C)O)CC[C@@H]23)C[C@@H](O)C[C@@H]1O,4.6873125,400.0,2,1,0.01171828125,-1.9311360827189081
GQBBFWBKVSQZFY,O=C([O-])C[C@H](O)C[C@H](O)CCn1c(-c2ccc(F)cc2)nc(C(=O)NCc2cccc(F)c2)c1C1CC1.[Na+],0.006558781200000001,180.0,4,1,3.6437673333333334e-05,-4.4384493619612355
GXLLHVAGVUSWTO,CNC(=O)[C@@H](c1ccccc1)[n+]1ccc2cc(OC)c(OC)cc2c1CCc1ccc(C(F)(F)F)cc1,0.08040189449999999,200.0,1,1,0.00040200947249999995,-3.3957637135672405
GXPHKUHSUJUWKP,Cc1c(C)c2c(c(C)c1O)CCC(C)(COc1ccc(CC3SC(=O)NC3=O)cc1)O2,2.781765,600.0,1,1,0.0046362750000000005,-2.3338308118282782
HBEMHKVWZJTVOC,CS(=O)(=O)O.OCCn1cc(-c2cnc3nnn(Cc4ccc5ncccc5c4)c3n2)cn1,0.30194356499999997,30.0,1,1,0.0100647855,-1.9971954763301236
HBLWMMBFOKSEKW,O=C(O)[C@H]1O[C@@H](Oc2c(O)cc3oc(-c4ccc(O)cc4)cc(=O)c3c2O)[C@H](O)[C@@H](O)[C@@H]1O,0.08692368,60.0,1,1,0.001448728,-2.839013146059338
HGVDHZBSSITLCT,CN1CCc2nc([14C](=O)N[C@@H]3C[C@@H](C(=O)N(C)C)CC[C@@H]3NC(=O)C(=O)Nc3ccc(Cl)cn3)sc2C1,0.3502672067999999,60.0,3,1,0.005837786779999998,-2.233751771280256
HLFSDGLLUJUHTE,c1ccc([C@H]2CN3CCSC3=N2)cc1,0.716999022,150.0,3,1,0.0047799934799999996,-2.320572695773227
HLFSMUUOKPBTSM,CN(C)[C@@H]1C(O)=C(C(N)=O)C(=O)[C@@]2(O)C(O)=C3C(=O)c4c(O)c(NC(=O)CN5CCCC5)cc(F)c4C[C@H]3C[C@@H]12,0.15999951199999998,100.0,1,1,0.0015999951199999998,-2.795881341944265
HRJWTAWVFDCTGO,O=C1NC(=O)C(c2cnc3ccccn23)=C1c1cn2c3c(cc(F)cc13)CN(C(=O)N1CCCCC1)CC2,0.7125008804999999,50.0,12,1,0.014250017609999999,-1.8461845989592534
HSBKFSPNDWWPSL,Nc1nc(=O)n([C@@H]2C=C[C@H](CO)O2)cc1F,0.0444997053,15.0,8,2,0.0029666470199999997,-2.52773412418728
HTQMVQVXFRQIKW,CCOc1nc2cccc(C(=O)O)c2n1Cc1ccc(-c2ccccc2-c2nnn[nH]2)cc1,0.24169802039999996,32.0,9,1,0.007553063137499999,-2.1218768849369853
HUNGUWOZPQBXGX,O=C(Cc1ccc(-c2ccc(OCCN3CCOCC3)cc2)cn1)NCc1ccccc1,0.2180010618,50.0,5,1,0.004360021236,-2.3605113954435337
HUPFGZXOMWLGNK,O=C(O)c1cc(-c2ccc(F)cc2F)ccc1O,50.04,250.0,1,1,0.20016,-0.6986227076506553
HXMCZSICOWSBRX,CN(C)c1cc(CNCC(C)(C)C)c(O)c2c1C[C@H]1C[C@H]3[C@H](N(C)C)C(O)=C(C(N)=O)C(=O)[C@@]3(O)C(O)=C1C2=O.Cl,0.7458484,300.0,1,1,0.0024861613333333333,-2.604470692306209
IBGXKVPJPLLVKU,CNC(=O)[C@@H](c1ccccc1)N1CCc2cc(O)c(OC)cc2[C@@H]1CCc1ccc(C(F)(F)F)cc1,0.025700252499999996,200.0,1,1,0.00012850126249999998,-3.8910926054526094
IDIIJJHBXUESQI,COc1c(N2C[C@@H]3CCCN[C@@H]3C2)c(F)cc2c(=O)c(C(=O)O)cn(C3CC3)c12.Cl,4.5814586859999995,400.0,18,1,0.011453646714999998,-1.9410562167257686
IDYZIJYBMGIQMJ,CCn1cc(C(=O)O)c(=O)c2cc(F)c(N3CCNCC3)nc21,3.700000304,600.0,1,1,0.006166667173333334,-2.2099494906340764
IEDVJHCEMCRBQM,COc1cc(Cc2cnc(N)nc2N)cc(OC)c1OC,2.2999992328,160.0,1,1,0.014374995205,-1.8423922915038893
IGTYILLPRJOVFY,CC(=O)Nc1ccc(OS(=O)(=O)O)cc1,4.9999995927,20.0,1,1,0.249999979635,-0.6020600267055923
IHIWYQYVBNODSV,CC(C)OC(=O)N[C@H]1Cc2c(n(Cc3ccccn3)c3ccc(C#N)cc23)C1,0.0914981584,15.0,1,1,0.006099877226666666,-2.214678906024934
IHIWYQYVBNODSV,CC(C)OC(=O)N[C@H]1Cc2c(n(Cc3ccccn3)c3ccc([14C]#N)cc23)C1,0.179957142,15.0,1,1,0.011997142799999999,-1.9209221717808975
IHSGHTLNHSMKII,COc1cc2nc(N3CCCN(C(=O)N4CCOCC4)CC3)cc(N)c2c(-c2ccc(F)cc2)c1OC,0.06299937539999999,0.86,1,1,0.07325508767441859,-1.135162207530908
IMAMTECZRBMXGW,Nc1nc(O)c2ncn(CC3(OCP(=O)(O)O)CC3)c2n1,0.0349999869,90.0,4,1,0.00038888874333333336,-3.4101746276393
IMIUKXZVUAUOBR,CC(=O)N1CCN([C@H]2CCN(C(=O)N(C)[C@H](C)c3cc(C(F)(F)F)cc(C(F)(F)F)c3)[C@@H](c3ccc(F)cc3C)C2)CC1O,0.1900010908,125.0,4,1,0.0015200087264,-2.8181539187549065
IOOWNWLVCOUUEX,O=C(O)C[C@@H]1CC[C@H](NC(=O)Cc2cccs2)B(O)O1,21.9999989738,1000.0,1,1,0.0219999989738,-1.6575773394356579
IPEHBUMCGVEMRF,NC(=O)c1cnccn1,45.74999970125,1000.0,8,4,0.045749999701249995,-1.3396089044334998
IQFYYKKMVGJFEH,Cc1cn([C@@H]2C[C@@H](O)[C@H](CO)O2)c(=O)[nH]c1=O,2.7999995498,400.0,7,2,0.0069999988745,-2.1549020298140973
IRLWJILLXJGJTD,COc1ccc(OC(=O)N(CC(=O)O)Cc2ccc(OCCc3nc(-c4ccccc4)oc3C)cc2)cc1,1.4000002994999998,10.0,1,1,0.14000002995,-0.8538718714137739
ITIXDWVDFFXNEG,NCCCC[C@H](NC(=O)[C@@H](Cc1cc(Br)c(O)c(Br)c1)NC(=O)N1CCC(N2Cc3ccccc3NC2=O)CC1)C(=O)N1CCN(c2ccncc2)CC1,0.2087184,2.5,1,1,0.08348736,-1.0783792717952547
IVLVTNPOHDFFCJ,CCC(=O)N(c1ccccc1)C1CCN(CCc2ccccc2)CC1.O=C(O)CC(O)(CC(=O)O)C(=O)O,0.0024352602,1.6,3,1,0.0015220376249999998,-2.8175746116075535
JEAZNRBTCVFFMC,CCCCCCCCCCCCCCCCOCCCOP(=O)(O)CO[C@H](C)Cn1cnc2c(N)ncnc21.N,0.030640607199999996,50.0,2,1,0.0006128121439999999,-3.2126726369460625
JFPVXVDWJQMJEE,CO/N=C(\C(=O)N[C@@H]1C(=O)N2C(C(=O)O)=C(COC(N)=O)CS[C@H]12)c1ccco1,25.999998715999997,1000.0,1,1,0.025999998715999995,-1.5850266734766485
JHVAMHSQVVQIOT,CCCCCOc1ccc(-c2ccc(-c3ccc(C(=O)N[C@H]4C[C@@H](O)[C@@H](O)NC(=O)[C@@H]5[C@@H](O)[C@@H](C)CN5C(=O)[C@H]([C@@H](C)O)NC(=O)[C@H]([C@H](O)[C@@H](O)c5ccc(O)cc5)NC(=O)[C@@H]5C[C@@H](O)CN5C(=O)[C@H]([C@@H](C)O)NC4=O)cc3)cc2)cc1,11.0000031525,100.0,1,1,0.110000031525,-0.9586071903769424
JLKIGFTWXXRPMT,Cc1cc(NS(=O)(=O)c2ccc(N)cc2)no1,39.9999987744,800.0,1,1,0.049999998468,-1.3010300089707643
JOOXLOJCABQBSG,Cc1cnc(Nc2ccc(OCCN3CCCC3)cc2)nc1Nc1cccc(S(=O)(=O)NC(C)(C)C)c1,0.9710018078,300.0,1,1,0.0032366726926666665,-2.4899012162464325
JORVRJNILJXMMG,Cc1nc(COc2ccc(C[C@H](NC(=O)O[C@H]3CO[C@H]4OCC[C@H]43)[C@H](O)CN(CC(C)C)S(=O)(=O)c3ccc4c(c3)OCO4)cc2)cs1,0.02657910992,800.0,2,1,3.32238874e-05,-4.4785495537751805
JQBKWZPHJOEQAO,Cc1oc(=O)oc1COC(=O)C1=C([C@H]2CCCO2)S[C@@H]2[C@@H]([C@@H](C)O)C(=O)N12,22.399998753600002,600.0,1,1,0.037333331256,-1.4279032562148672
JQXXHWHPUNPDRT,CO[C@H]1/C=C/O[C@@]2(C)Oc3c(C)c(O)c4c(O)c(c(/C=N/N5CCN(C)CC5)c(O)c4c3C2=O)NC(=O)/C(C)=C\C=C\[C@H](C)[C@H](O)[C@@H](C)[C@@H](O)[C@@H](C)[C@H](OC(C)=O)[C@@H]1C,9.5999997825,200.0,23,12,0.047999998912499994,-1.3187587724638974
JVLBPIPGETUEET,C[N+]1(CC2CC2)CC[C@]23c4c5ccc(O)c4O[C@H]2C(=O)CC[C@@]3(O)[C@H]1C5,0.0499016,450.0,1,1,0.00011089244444444444,-3.955098043101231
JYIKNQVWKBUSNH,CC[C@H](C)C[C@H](C)CCCCCCCCC(=O)N[C@H]1C[C@@H](O)[C@@H](NCCN)NC(=O)[C@@H]2[C@@H](O)CCN2C(=O)[C@H]([C@H](O)CCN)NC(=O)[C@H]([C@H](O)[C@@H](O)c2ccc(O)cc2)NC(=O)[C@@H]2C[C@@H](O)CN2C(=O)[C@H]([C@@H](C)O)NC1=O,8.54999913285,30.0,2,1,0.28499997109499997,-0.5451551840380956
KBTNVJNLEFHBSO,CCN(CC)Cc1cc(Nc2ccnc3cc(Cl)ccc23)ccc1O.Cl,0.25907511549999995,10.0,3,2,0.025907511549999995,-1.5865742995577534
KCFYEAOKVJSACF,CCOC(=O)c1c(CSc2ccccc2)n(C)c2cc(Br)c(O)c(CN(C)C)c12,0.41500210919999997,4.0,1,1,0.10375052729999999,-0.9840096873590181
KDNSSKPZBDNJDF,Nc1ncc2ncn(CC3(OCP(=O)(O)O)CC3)c2n1,0.37949994365000006,60.0,10,1,0.0063249990608333344,-2.1989395346382996
KHDVLIXZARJRJG,CCC(C)N1N=CN(c2ccc(N3CCN(c4ccc(OCC5COC(Cn6cncn6)(c6ccc(Cl)cc6Cl)O5)cc4)CC3)cc2)C1O,3.3000025716,200.0,3,1,0.016500012858,-1.7825157173523802
KJFBVJALEQWJBS,CC(C)Nc1nc2cc(Cl)c(Cl)cc2n1[C@H]1O[C@@H](CO)[C@H](O)[C@@H]1O,10.6999984696,400.0,4,1,0.026749996174,-1.5726762757590447
KLRSDBSKUSSCGU,COCCCOc1cc(C[C@@H](C[C@H](N)[C@@H](O)C[C@H](C(=O)NCC(C)(C)C(N)=O)C(C)C)C(C)C)ccc1OC.COCCCOc1cc(C[C@@H](C[C@H](N)[C@@H](O)C[C@H](C(=O)NCC(C)(C)C(N)=O)C(C)C)C(C)C)ccc1OC.O=C(O)/C=C/C(=O)O,0.03780181194999999,120.0,8,1,0.00031501509958333326,-3.5016686287229257
KPHWPUGNDIVLNH,O=C([O-])Cc1ccccc1Nc1c(Cl)cccc1Cl.[Na+],2.1485044062,50.0,1,1,0.042970088123999994,-1.3668337556545265
KPYUQCJBZGQHPL,CCNC1(C(N)=O)CCN(c2ncnc3c2nc(-c2ccccc2Cl)n3-c2ccc(Cl)cc2)CC1.Cl,0.015001192699999999,25.0,1,1,0.0006000477079999999,-3.2218142187872645
KQIRJHRSAQSCKU,Cc1ccc(F)cc1C(=O)Nc1ccc(C(=O)Nc2ccccc2C(=O)O)c(Cl)c1,0.27799864729999996,100.0,1,1,0.0027799864729999998,-2.5559573172890278
KRWPPVCZNGQQHZ,CC(=O)O.CCO/N=C(\C(=O)N[C@@H]1C(=O)N2C(C(=O)[O-])=C(Sc3nc(-c4cc[n+](C)cc4)cs3)CS[C@H]12)c1nsc(NP(=O)(O)O)n1.O,21.1218335592,10.0,1,1,2.11218335592,0.32473161604353185
KUJZTIJOBQNKDR,CO[C@H]1/C=C/O[C@@]2(C)Oc3c(C)c(O)c4c(O)c(c(/C=N/N5CCN(C)CC5)c(O)c4c3C2=O)NC(=O)/C(C)=C\C=C\[C@H](C)[C@H](O)[C@@H](C)[C@@H](O)[C@@H](C)[C@H](O)[C@@H]1C,1.5250000989999997,305.0,4,2,0.005000000324590163,-2.3010299674704386
KWTWDQCKEHXFFR,CC[C@@H](c1cccc(O)c1)[C@@H](C)CN(C)C,0.0641886,80.0,3,1,0.0008023575,-3.0956320834825406
LALFOYNTGMUKGG,CC(C)c1nc(N(C)S(C)(=O)=O)nc(-c2ccc(F)cc2)c1/C=C/[C@@H](O)C[C@@H](O)CC(=O)[O-].CC(C)c1nc(N(C)S(C)(=O)=O)nc(-c2ccc(F)cc2)c1/C=C/[C@@H](O)C[C@@H](O)CC(=O)[O-].[Ca+2],0.006006899999999999,20.0,1,1,0.00030034499999999993,-3.5223795935833957
LBFBRXGCXUHRJY,CC(C)(O)c1ccccc1CC[C@@H](SCC1(CC(=O)[O-])CC1)c1cccc(/C=C/c2ccc3ccc(Cl)cc3n2)c1.[Na+],0.5187471309999999,10.0,1,1,0.05187471309999999,-1.285044292196601
LBWFXVZLPYTWQI,CCN(CC)CCNC(=O)c1c(C)[nH]c(/[14CH]=C2\C(=O)Nc3ccc(F)cc32)c1C.O=C(O)C[C@H](O)C(=O)O,0.09041547839999997,50.0,1,1,0.0018083095679999994,-2.7427272197867167
LIZNIAKSBJKPQC,CCNCCNC(=O)c1c(C)[nH]c(/C=C2\C(=O)Nc3ccc(F)cc32)c1C,0.006200998199999998,50.0,1,1,0.00012401996399999998,-3.906508399054248
LJVAJPDWBABPEJ,CC[C@H]1OC(=O)[C@H](C)C(=O)[C@H](C)[C@@H](O[C@@H]2O[C@H](C)C[C@H](N(C)C)[C@H]2O)[C@](C)(OC)C[C@@H](C)C(=O)[C@H](C)[C@H]2N(CCCCn3cnc(-c4cccnc4)c3)C(=O)O[C@]12C,1.3499994904000001,206.0,2,2,0.00655339558446602,-2.1835336158123027
LMEKQMALGUDUQG,Cn1cnc([N+](=O)[O-])c1Sc1ncnc2[nH]cnc12,0.0474547605,100.0,6,3,0.000474547605,-3.3237202141075546
LNOVHERIIMJMDG,CC(C)=CCC/C(C)=C/CC/C(C)=C/CC[C@@](C)(O)CCC1=C(C)C(=O)C(C)=C(C)C1=O,0.16700070990000002,2.0,1,1,0.08350035495000001,-1.0783116783786888
LQFRYKBDZNPJSW,CS(=O)(=O)CCC#N,41.41586999999999,1000.0,1,1,0.041415869999999994,-1.3828332112281334
LRVVTOGAGAXSRZ,Cc1ccc(CNC(=O)c2nn(-c3ccc(F)cc3)c(CC[C@@H](O)C[C@@H](O)CC(=O)O)c2C(C)C)cc1,1.25499933465,30.0,6,1,0.041833311155,-1.3784777591479522
LTEJRLHKIYCEOX,Cc1cc2c(F)c(Oc3n[14cH]nn4cc(OC[C@@H](C)OC(=O)[C@H](C)N)c(C)c34)ccc2[nH]1,9.442584910799999,800.0,1,1,0.011803231138499999,-1.9279990881573434
LTXREWYXXSTFRX,CC#CCn1c(N2CCC[C@@H](N)C2)nc2c1c(=O)n(Cc1nc(C)c3ccccc3n1)c(=O)n2C,0.0047255,5.0,1,1,0.0009450999999999999,-3.0245222368341254
LXNHXLLTXMVWPM,Cc1ncc(CO)c(CO)c1O,0.007613100000000001,4.0,2,1,0.0019032750000000003,-2.7204984569289814
MCIACXAZCBVDEE,CCOc1ccc(Cc2cc([C@]34OC[C@](CO)(O3)[C@@H](O)[C@H](O)[C@H]4O)ccc2Cl)cc1,0.4901993177999999,25.0,1,1,0.019607972712,-1.7075673061539829
MCPUZZJBAHRIPO,CCc1nn(CCO)c(CC)c1Oc1cc(C#N)cc(C#N)c1,1.4890002058,750.0,2,1,0.0019853336077333334,-2.702166505614139
METQSPRSQINEEU,C[C@]12CCC(=O)C=C1[C@@H]1C[C@@H]1[C@H]1[C@@H]3[C@@H]4C[C@@H]4[C@@]4(CCC(=O)O4)[C@@]3(C)CC[C@@H]12,0.081300695,3.0,5,1,0.02710023166666667,-1.5670269965379584
MICNQLKUSOVNNG,Nc1nc2c(ncn2COCC(=O)O)c(=O)[nH]1,0.53458965,1750.0,4,1,0.0003054798,-3.5150175024053194
MIQPIUSUKVNLNT,Cc1ccc(C(=O)c2cc(O)c(O)c([N+](=O)[O-])c2)cc1,5.464799999999999,100.0,1,1,0.054647999999999995,-1.2624257276732511
MKKYBZZTJQGVCD,NCC[C@H](O)C(=O)N[C@@H]1C[C@H](N)[C@@H](O[C@H]2O[C@H](CN)CC[C@H]2N)[C@H](O)[C@H]1O[C@H]1O[C@H](CO)[C@@H](O)[C@H](N)[C@H]1O,20.0000002254,3.0,1,1,6.6666667418,0.8239087458388176
MKUXAQIIEYXACX,Nc1nc2c(ncn2COCCO)c(=O)[nH]1,6.53109,1750.0,4,1,0.0037320514285714285,-2.4280523802012905
MKXZASYAUGDDCJ,COc1ccc2c(c1)[C@]13CCCC[C@@H]1[C@H](C2)N(C)CC3,0.005428,60.0,1,1,9.046666666666667e-05,-4.0435114113959445
MNDBXUUTURYVHR,O=C(Nc1c(Cl)cncc1Cl)c1ccc(OC(F)F)c(OCC2CC2)c1,0.007156977499999999,0.5,2,1,0.014313954999999998,-1.8442403524484987
MOMPUOVKLQCIDO,CC(C)NC(=O)Cn1c(-c2cccc(Cl)c2)nc2ccc(OCCCN3CCCCC3)cc2c1=O,0.07899953759999999,25.0,1,1,0.0031599815039999994,-2.5003154593861043
MPNGLQDRSJNLPL,O=C(CSc1nnc(Br)n1-c1ccc(C2CC2)c2ccccc12)Nc1ccc(C(=O)O)cc1Cl,2.1650016633,550.0,6,1,0.0039363666605454544,-2.404904455150479
MQDSUKRVUXNMFO,CC[C@H]1OC(=O)[C@H](C)C(=O)[C@H](C)[C@@H](O[C@@H]2O[C@H](C)C[C@H](N(C)C)[C@H]2O)[C@@]2(C)C[C@@H](C)C(=O)[C@H](C)[C@@H](OC/C(=N\OCc3ccc(-n4cccn4)nc3)CO2)[C@]1(C)O,0.0361021948,200.0,7,1,0.000180510974,-3.743496390418873
MXXWOMGUGJBKIW,O=C(/C=C/C=C/c1ccc2c(c1)OCO2)N1CCCCC1,0.4000010255999999,44.0,1,1,0.009090932399999998,-2.0413915716286013
MYPYJXKWCTUITO,CN[C@H](CC(C)C)C(=O)N[C@H]1C(=O)N[C@@H](CC(N)=O)C(=O)N[C@H]2C(=O)N[C@H]3C(=O)N[C@H](C(=O)N[C@H](C(=O)O)c4cc(O)cc(O)c4-c4cc3ccc4O)[C@H](O)c3ccc(c(Cl)c3)Oc3cc2cc(c3O[C@@H]2O[C@H](CO)[C@@H](O)[C@H](O)[C@H]2O[C@H]2C[C@](C)(N)[C@H](O)[C@H](C)O2)Oc2ccc(cc2Cl)[C@H]1O,15.0000024708,1000.0,1,1,0.0150000024708,-1.8239086694073376
NAVMQTYZDKMPEU,C=C(c1ccc(C(=O)O)cc1)c1cc2c(cc1C)C(C)(C)CCC2(C)C,1.1813811,300.0,1,1,0.003937937,-2.4047312360829234
NCDNCNXCDXHOMX,CC(C)c1nc(CN(C)C(=O)N[C@H](C(=O)N[C@@H](Cc2ccccc2)C[C@H](O)[C@H](Cc2ccccc2)NC(=O)OCc2cncs2)C(C)C)cs1,0.9735014736000001,100.0,14,5,0.009735014736,-2.011663386747068
NENPYTRHICXVCS,CCC(CC)O[C@@H]1C=C(C(=O)O)C[C@H](N)[C@H]1NC(C)=O,0.49599919540000004,150.0,2,1,0.0033066613026666667,-2.480610287068757
NJDRXTDGYFKORP,C[C@H]1NCc2cc(-c3ccc4c(=O)c(C(=O)O)cn(C5CC5)c4c3OC(F)F)ccc21,5.7999985362,400.0,1,1,0.0144999963405,-1.8386321073719807
NLVAXLHFIPVIGH,COc1cc2c(cc1OC)[C@H](CCc1ccc(C(F)(F)F)cc1)NC[C@H]2O,0.021498954299999998,200.0,1,1,0.00010749477149999999,-3.9686126591336865
NLYNIRQVMRLPIQ,CCO[C@@H]1O[C@@H]2O[C@]3(C)CC[C@H]4[C@H](C)CC[C@@H]([C@H]1C)[C@@]24OO3,0.060701263000000005,150.0,1,1,0.0004046750866666667,-3.3928935316011124
NLYNIRQVMRLPIQ,CCO[C@H]1O[C@@H]2O[C@@]3(C)CC[C@H]4[C@H](C)CC[C@@H]([C@H]1C)[C@@]24OO3,0.0498012781,150.0,1,1,0.00033200852066666664,-3.4788507704193656
NQHXCOAXSHGTIA,CS(=O)(=O)O.Cc1c(O)cccc1C(=O)N[C@@H](CSc1ccccc1)[C@H](O)CN1C[C@H]2CCCC[C@H]2C[C@H]1C(=O)NC(C)(C)C,365.9751671159999,200.0,3,1,1.8298758355799996,0.26242162210644543
NWUAUSABGZEYEW,O=C(c1cccc(F)c1-c1ncccn1)N1[C@@H]2CC[C@H]1[C@H](Nc1cnc(C(F)(F)F)cn1)C2,0.5369977722,50.0,1,1,0.010739955444,-1.968997520355744
NZCRJKRKKOLAOJ,CO[C@H]1/C=C/O[C@@]2(C)Oc3c(C)c(O)c4c(O)c(c5c(nc6cc(C)ccn65)c4c3C2=O)NC(=O)/C(C)=C\C=C\[C@H](C)[C@H](O)[C@@H](C)[C@@H](O)[C@@H](C)[C@H](OC(C)=O)[C@@H]1C,0.0014299268549999998,200.0,2,1,7.149634274999999e-06,-5.1457161730816745
OEBIHOVSAMBXIB,C[C@@H]1CCc2ncc(F)cc2[C@H]2CCCN2c2ccn3ncc(c3n2)C(=O)N1,0.544,80.0,6,1,0.0068000000000000005,-2.167491087293764
OFVLGDICTFRJMM,CN(C)[C@@H]1C(O)=C(C(N)=O)C(=O)[C@@]2(O)C(O)=C3C(=O)c4c(O)cccc4[C@@](C)(O)[C@H]3C[C@@H]12,1.7000007776,250.0,1,1,0.0068000031104,-2.1674908886424036
OGBDDOBYHJYBFF,CCN1CC(n2nccc2-c2cc(Cl)ccc2Oc2ccc(S(=O)(=O)Nc3cscn3)cc2C#N)C1,0.0006698322799999999,0.1,1,1,0.006698322799999999,-2.174033927133456
OGJPXUAPXNRGGI,CCn1cc(C(=O)O)c(=O)c2cc(F)c(N3CCNCC3)cc21,1.5000006545999998,400.0,1,1,0.0037500016364999996,-2.4259685427462108
OIZSVTOIBNSVOS,Cc1cc(Nc2ccc(S(F)(F)(F)(F)F)cc2)n2nc(C(C)(F)F)nc2n1,1.3099989736,1200.0,1,1,0.0010916658113333333,-2.9619102906666934
ONUMZHGUFYIKPM,CCCCCCCCCCNCCN[C@@]1(C)C[C@H](O[C@H]2[C@H](Oc3c4cc5cc3Oc3ccc(cc3Cl)[C@@H](O)[C@@H](NC(=O)[C@@H](CC(C)C)NC)C(=O)N[C@@H](CC(N)=O)C(=O)N[C@H]5C(=O)N[C@H]3C(=O)N[C@H](C(=O)N[C@H](C(=O)O)c5cc(O)c(CNCP(=O)(O)O)c(O)c5-c5cc3ccc5O)[C@H](O)c3ccc(c(Cl)c3)O4)O[C@H](CO)[C@@H](O)[C@@H]2O)O[C@@H](C)[C@H]1O,32.5999990449,8.75,2,1,3.7257141765600004,0.571209534321863
OURCOVUGQRXRTE,Cc1nccnc1-c1ccc(CC(=O)N[C@H](C)c2ccc(OCC(F)(F)F)cn2)cc1,0.7833825999999999,20.0,1,1,0.039169129999999996,-1.4070560746200014
OZVBMTJYIDMWIL,CC(C)C[C@H]1C(=O)N2CCC[C@H]2[C@]2(O)O[C@](NC(=O)[C@@H]3C=C4c5cccc6[nH]c(Br)c(c56)C[C@H]4N(C)C3)(C(C)C)C(=O)N12,0.000628,4.0,1,1,0.000157,-3.8041003475907664
PBAPPPCECJKMCM,Nc1nc(CC(=O)N[14c]2[14cH][14cH][14c](CCNC[C@H](O)c3ccccc3)[14cH][14cH]2)cs1,0.8529547999,160.0,2,1,0.005330967499375,-2.273193965174365
PBAPPPCECJKMCM,Nc1nc(CC(=O)Nc2ccc(CCNC[C@H](O)c3ccccc3)cc2)cs1,0.37099997279999997,160.0,1,1,0.00231874983,-2.634746104881338
PFWVGKROPKKEDW,CC(C)(C)NC(=O)c1ccc(Oc2cc(F)c(CC(=O)O)cc2Cl)c(NS(=O)(=O)c2ccc(C3CC3)cc2Cl)c1,0.2485022925,50.0,2,1,0.00497004585,-2.3036396047656322
PGZUMBJQJWIWGJ,CCOC(=O)C1=C[C@@H](OC(CC)CC)[C@H](NC(C)=O)[C@@H](N)C1.O=P(O)(O)O,0.08801643599999998,150.0,4,1,0.0005867762399999998,-3.2315274801147207
PIDFDZJZLOTZTM,COC(=O)N[C@H](C(=O)N1CCC[C@H]1C(=O)Nc1ccc([C@@H]2CC[C@@H](c3ccc(NC(=O)[C@@H]4CCCN4C(=O)[C@@H](NC(=O)OC)C(C)C)cc3)N2c2ccc(C(C)(C)C)cc2)cc1)C(C)C,0.0057000787499999995,200.0,1,1,2.8500393749999997e-05,-4.545149139911806
PIEUQSKUWLMALL,CCCCCOc1ccc(-c2cc(-c3ccc(C(=O)N[C@H]4C[C@@H](O)[C@@H](O)NC(=O)[C@@H]5[C@@H](O)[C@@H](C)CN5C(=O)[C@H]([C@H](O)CC(N)=O)NC(=O)[C@H]([C@H](O)[C@@H](O)c5ccc(O)c(OS(=O)(=O)O)c5)NC(=O)[C@@H]5C[C@@H](O)CN5C(=O)[C@H]([C@@H](C)O)NC4=O)cc3)no2)cc1,8.399995871399998,1.4,9,1,5.999997050999999,0.7781510369278533
PJMPHNIQZUBGLI,CCC(=O)N(c1ccccc1)C1CCN(CCc2ccccc2)CC1,0.00100944,2.75,2,1,0.0003670690909090909,-3.4352521837683545
PJNKVKHAJNEENW,C[C@@H](O)[C@@H](C(=O)O)[C@@H]1NC(C(=O)O)C(S[C@@H]2CN[C@H](CNS(N)(=O)=O)C2)[C@@H]1C,2.8699991542,500.0,3,1,0.0057399983084,-2.241088235590294
PMATZTZNYRCHOR,C/C=C/C[C@@H](C)[C@@H](O)[C@H]1C(=O)N[C@@H](CC)C(=O)N(C)CC(=O)N(C)[C@@H](CC(C)C)C(=O)N[C@@H](C(C)C)C(=O)N(C)[C@@H](CC(C)C)C(=O)N[C@@H](C)C(=O)N[C@H](C)C(=O)N(C)[C@@H](CC(C)C)C(=O)N(C)[C@@H](CC(C)C)C(=O)N(C)[C@@H](C(C)C)C(=O)N1C,0.9300058053,10.0,13,2,0.09300058053,-1.031514340476294
PPHTXRNHTVLQED,Cc1ccc(F)cc1C(=O)Nc1ccc(C(=O)N2Cc3cccn3Cc3ccccc32)c(Cl)c1,0.4370011164,100.0,1,1,0.004370011164,-2.3595174535427583
PPHTXRNHTVLQED,Cc1ccc(F)cc1[14C](=O)Nc1ccc(C(=O)N2Cc3cccn3Cc3ccccc32)c(Cl)c1,1.1166697997,100.0,2,1,0.011166697997,-1.9520752291838506
PQLXHQMOHUQAKB,CCCCCCCCCCCCCCCCOP(=O)([O-])OCC[N+](C)(C)C,69.9999982836,2.5,1,1,27.999999313439996,1.4471580206933183
PRGQOPPDPVELEG,NC(=O)N1c2ccccc2[C@@H](O)[C@H](O)c2ccccc21,0.054058,300.0,1,1,0.00018019333333333333,-3.7442612807826188
PTSDSAPWOJZBNX,Nc1nc2c(nc(O)n2COCCO)c(=O)[nH]1,0.07356905,1750.0,4,1,4.203945714285714e-05,-4.3763429006690995
PXHANKVTFWSDSG,O=C(Nc1cnn2ccc(N3CCC[C@@H]3c3cc(F)ccc3F)nc12)N1CC[C@H](O)C1.O=S(=O)(O)O,0.9683913796,100.0,1,1,0.009683913796,-2.013949085203885
PYGWGZALEOIKDF,Cc1cc(C#N)cc(C)c1Oc1nc(Nc2ccc(C#N)cc2)nc(N)c1Br,0.7660015775,200.0,3,2,0.0038300078875,-2.416800331646469
QBDVVYNLLXGUGN,CO[C@@H]1[C@H](OC(=O)N[C@@H](C(N)=O)C(C)C)CC[C@]2(CO2)[C@H]1[C@@]1(C)O[C@@H]1CC=C(C)C,0.05499915700000001,15.0,1,1,0.003666610466666667,-2.435735226162419
QBKSWRVVCFFDOT,Cc1cc2c(C(C)C)c(O)c(O)c(C=O)c2c(O)c1-c1c(C)cc2c(C(C)C)c(O)c(O)c(C=O)c2c1O,0.6585711999999999,20.0,3,1,0.032928559999999996,-1.4824272610198896
QCBNLFTZZMJSJE,COc1cc2c(cc1OC)[C@H](CC(O)c1ccc(C(F)(F)F)cc1)N([C@@H](C(N)=O)c1ccccc1)CC2,0.021497481199999998,200.0,1,1,0.00010748740599999999,-3.968642417842477
QECZSUGQZHURLI,CC(C)n1nc(-c2cnc(N)nc2-c2ccccc2)ccc1=O,0.0014999167999999998,10.0,1,1,0.00014999167999999997,-3.823932830479671
QELOMWCWBPJMAS,CNCC(=O)OCc1cccnc1N(C)C(=O)OC(C)[n+]1cnn(C[C@](O)(c2cc(F)ccc2F)[C@@H](C)c2nc(-c3ccc(C#N)cc3)cs2)c1.Cl.[Cl-],0.8031305238,180.5,3,1,0.0044494765861495846,-2.3516910742138095
QELUYTUMUWHWMC,CC1=NN(c2ccccc2)C(=O)C1,1.0452,0.5,1,1,2.0904,0.3202293967192692
QFMUIHJMDMGJAY,CCOC(=O)COc1ccc2c(c1)C[C@@H](NC[C@H](O)c1cccc(Cl)c1)CCC2,1.3400006004,1.0,2,2,1.3400006004,0.12710499295461997
QGJUIPDUBHWZPV,N#C[C@@H]1C[C@@H]2C[C@@H]2N1C(=O)[C@@H](N)C12CC3CC(CC(O)(C3)C1)C2,0.2789984526,50.0,1,1,0.005579969052,-2.2533682097690337
QGJUIPDUBHWZPV,N#C[C@@H]1C[C@@H]2C[C@@H]2N1[14C](=O)[14C@@H](N)C12CC3CC(CC(O)(C3)C1)C2,0.7888285679999998,50.0,1,1,0.015776571359999995,-1.801987373827695
QGPKADBNRMWEQR,NC1CCN(c2c(F)cc3c(=O)c(C(=O)O)cn(C4CC4)c3c2Cl)C1,1.5999983811,200.0,1,1,0.0079999919055,-2.0969104524328643
QHMBSVQNZZTUGM,C=C(C)[C@@H]1CCC(C)=C[C@H]1c1c(O)cc(CCCCC)cc1O,0.008270561000000001,172.75,2,1,4.78758958031838e-05,-4.319883086887762
QPYMJNYAASVNAP,CN1CCc2nc(C(=O)N[C@@H]3C[C@@H](C(=O)O)CC[C@@H]3NC(=O)C(=O)Nc3ccc(Cl)cn3)sc2C1,0.02219981,60.0,1,1,0.0003699968333333333,-3.431801992883666
QRXWMOHMRWLFEY,NNC(=O)c1ccncc1,4.930000603799999,300.0,7,2,0.016433335345999996,-1.7842742822523732
QUIJNHUBAXPXFS,COc1nc2ccc(Br)cc2cc1[C@@H](c1ccccc1)[C@@](O)(CCN(C)C)c1cccc2ccccc12,1.2080004608,100.0,5,2,0.012080004608,-1.9179329000502685
QWAXKHKRTORLEM,CC(C)(C)NC(=O)[C@@H]1C[C@@H]2CCCC[C@@H]2CN1C[C@@H](O)[C@H](Cc1ccccc1)NC(=O)[C@H](CC(N)=O)NC(=O)c1ccc2ccccc2n1,3.1075006689,740.0,2,2,0.004199325228243243,-2.376820488933932
QWEWGXUTRTXFRF,O=C([C@@H]1C[C@H](N2CCN([14c]3ncccn3)CC2)CN1)N1CCC(F)(F)C1,0.27548962979999997,20.0,1,1,0.013774481489999999,-1.860924740227181
QWEWGXUTRTXFRF,O=C([C@@H]1C[C@H](N2CCN(c3ncccn3)CC2)CN1)N1CCC(F)(F)C1,0.2412985626,20.0,1,1,0.01206492813,-1.9184752608117541
QWLNINWUBHHOLU,Cn1c(=O)c(C(=O)NCCO)c(O)c2ncc(Cc3ccc(F)cc3)cc21,1.2999992535,200.0,16,1,0.0064999962675,-2.1870868927424705
QZZUEBNBZAPZLX,CCc1cc2c(cc1[14CH2]C)CC(NC[C@H](O)c1ccc(O)c3[nH]c(=O)ccc13)C2,0.00140714583,0.8,1,1,0.0017589322874999999,-2.7547508789797948
RADKZDMFGJYCBB,Cc1ncc(CO)c(C=O)c1O,0.024906839999999996,3.36,2,1,0.007412749999999999,-2.1300206465059817
RITAVMQDGBJQJZ,CNC(=O)c1ccccc1Sc1ccc2c(/C=C/c3ccccn3)n[nH]c2c1,0.027799506400000003,5.0,1,1,0.0055599012800000005,-2.254932919556769
RLAHNGKRJJEIJL,Nc1nc(N)c2ncn([C@H]3CO[C@@H](CO)O3)c2n1,0.58149987005,500.0,4,1,0.0011629997401,-2.9344203823249897
RMMXLENWKUUMAY,CCCc1nc2c(C)cc(-c3nc4ccccc4n3C)cc2n1Cc1ccc(-c2ccccc2C(=O)O)cc1,0.49379777759999993,80.0,7,1,0.006172472219999999,-2.2095408559894456
RRGQTZFOQQMAOA,Cc1ccc(F)cc1C(=O)Nc1ccc(C(=O)Nc2ccccc2Cn2cccc2C(=O)O)c(Cl)c1,0.28999907599999997,100.0,1,1,0.00289999076,-2.5376033858553217
RRJFVPUCXDGFJB,CC(C)(C(=O)O)c1ccc(C(O)CCCN2CCC(C(O)(c3ccccc3)c3ccccc3)CC2)cc1.Cl,0.2048822349,60.0,3,2,0.0034147039149999996,-2.4666469475187225
RXQVHTULATYGAZ,CNC(=O)[C@@H](c1ccccc1)N1CCc2cc(OC)c(O)cc2[C@@H]1CCc1ccc(C(F)(F)F)cc1,0.06140141799999999,200.0,1,1,0.00030700708999999995,-3.5128515948409844
RXZBMPWDPOLZGW,CC[C@H]1OC(=O)[C@H](C)[C@@H](O[C@H]2C[C@@](C)(OC)[C@@H](O)[C@H](C)O2)[C@H](C)[C@@H](O[C@@H]2O[C@H](C)C[C@H](N(C)C)[C@H]2O)[C@](C)(O)C[C@@H](C)/C(=N\OCOCCOC)[C@H](C)[C@@H](O)[C@]1(C)O,7.899996497399999,150.0,1,1,0.052666643315999996,-1.2784643603171626
RYMCFYKJDVMSIR,Nc1ccn([C@H]2CO[C@@H](CO)S2)c(=O)n1,7.269999667199999,600.0,2,1,0.012116666111999998,-1.9166168594053772
RYMZZMVNJRMUDD,CCC(C)(C)C(=O)O[C@H]1C[C@@H](C)C=C2C=C[C@H](C)[C@H](CC[C@@H]3C[C@@H](O)CC(=O)O3)[C@H]21,0.019438390799999997,40.0,9,2,0.0004859597699999999,-3.3133996821578298
SEBFKMXJBCUCAI,COc1cc([C@@H]2Oc3cc([C@H]4Oc5cc(O)cc(O)c5C(=O)[C@@H]4O)ccc3O[C@H]2CO)ccc1O,0.007998855199999998,140.0,3,1,5.7134679999999985e-05,-4.2431002006737355
SEBFKMXJBCUCAI,COc1cc([C@H]2Oc3cc([C@H]4Oc5cc(O)cc(O)c5C(=O)[C@@H]4O)ccc3O[C@@H]2CO)ccc1O,0.039999100399999994,140.0,3,1,0.00028570785999999993,-3.5440778117430085
SETFNHZTVGTBHC,CN(C)c1cc(CNCC(C)(C)C)c(O)c2c1C[C@H]1C[C@H]3[C@H](N(C)C)C(O)=C(C(N)=O)C(=O)[C@@]3(O)C(O)=C1C2=O.Cc1ccc(S(=O)(=O)O)cc1,0.7070549209,300.0,1,1,0.002356849736333333,-2.6276681055374245
SNPPWIUOZRMYNY,CC(NC(C)(C)C)C(=O)c1cccc(Cl)c1,0.25100026875000003,150.0,12,1,0.0016733351250000001,-2.7764170725683504
SUIQUYDRLGGZOL,C[C@H]1COc2c(N3CCN(C)CC3)c(F)cc3c(=O)c(C(=O)O)cn1c23.C[C@H]1COc2c(N3CCN(C)CC3)c(F)cc3c(=O)c(C(=O)O)cn1c23.O,14.3490619548,750.0,25,3,0.0191320826064,-1.7182377526471233
SUJUHGSWHZTSEU,CCC[C@@]1(CCc2ccccc2)CC(O)=C([14C@H](CC)c2cccc(NS(=O)(=O)c3ccc(C(F)(F)F)cn3)c2)C(=O)O1,29.900931499999995,500.0,1,1,0.05980186299999999,-1.223285286278865
SUJUHGSWHZTSEU,CCC[C@@]1(CCc2ccccc2)CC(O)=C([C@H](CC)c2cccc(NS(=O)(=O)c3ccc(C(F)(F)F)cn3)c2)C(=O)O1,59.900365199999996,500.0,1,1,0.11980073039999999,-0.9215405341360012
SULYVXZZUMRQAX,O=C1C=CN(c2c(F)cc(N3C[C@H](CNc4ccon4)OC3=O)c(F)c2F)CC1,20.4750006136,700.0,8,1,0.029250000876571428,-1.5338741165667535
SXYIRMFQILZOAM,CO[C@H]1O[C@@H]2O[C@@]3(C)CC[C@H]4[C@H](C)CC[C@@H]([C@H]1C)[C@@]24OO3,0.07650015629999998,120.0,2,1,0.0006375013024999998,-3.195518923571678
SZMJVTADHFNAIS,Nc1cc(F)ccc1NC(=O)c1ccc(CNC(=O)/C=C/c2cccnc2)cc1,0.12181104000000001,32.5,1,1,0.003748032,-2.4261967098429325
TXEIIPDJKFWEEC,O=C(O)c1ccc2nc(-c3cc(Cl)cc(Cl)c3)oc2c1,6.1624,80.0,1,1,0.07703,-1.1133401021387972
TYZROVQLWOKYKF,CC(=O)NC[C@H]1CN(c2ccc(N3CCOCC3)c(F)c2)C(=O)O1,14.0999986725,600.0,9,5,0.0234999977875,-1.628932178616629
UCQSBGOFELXYIN,CONC(=O)Nc1ccc(-c2sc3c(c2CN(C)Cc2ccccc2)c(=O)n(-c2ccccc2)c(=O)n3Cc2c(F)cccc2F)cc1,0.144498936,105.0,2,1,0.0013761803428571427,-2.8613246498391707
UCRHFBCYFMIWHC,Clc1ccc2c(N3CCN(CCCN4CCN(c5ccnc6cc(Cl)ccc56)CC4)CC3)ccnc2c1,0.567999288,320.0,1,1,0.0017749977749999999,-2.7508021870065367
UCSJYZPVAKXKNQ,CN[C@@H]1[C@H](O[C@H]2[C@H](O[C@H]3[C@H](O)[C@@H](O)[C@H](N=C(N)N)[C@@H](O)[C@@H]3N=C(N)N)O[C@@H](C)[C@]2(O)C=O)O[C@@H](CO)[C@H](O)[C@H]1O,25.007939999999998,20.0,1,1,1.250397,0.09704792303655542
UGWJRRXTMKRYNK,C[C@@H]1CCO[C@H]2Cn3cc(C(=O)NCc4ccc(F)cc4F)c(=O)c([O-])c3C(=O)N12.[Na+],2.9047177617999997,25.0,9,1,0.116188710472,-0.9348360683132103
UNJFKXSSGBWRBZ,Nc1nc(/C(=C/CC(=O)O)C(=O)N[C@@H]2C(=O)N3C(C(=O)O)=CCS[C@H]23)cs1,15.0000016272,400.0,1,1,0.037500004068,-1.4259686851600184
UNQXIRZDOXDTMH,CCS(=O)(=O)NCc1cncc(-c2c(C#N)c3ccc(Cl)cc3n2C)c1,0.17300104560000001,80.0,4,1,0.00216251307,-2.6650412590253563
UORZAQJPDFQMKM,CO[C@@H]1[C@H](OC(=O)N[C@@H](C(N)=O)C(C)C)CC[C@]2(CO2)[C@H]1[C@@]1(C)O[C@@H]1C[C@@H]1OC1(C)C,0.0337982288,15.0,1,1,0.0022532152533333337,-2.647197317433103
UORZAQJPDFQMKM,CO[C@@H]1[C@H](OC(=O)N[C@@H](C(N)=O)C(C)C)CC[C@]2(CO2)[C@H]1[C@@]1(C)O[C@@H]1C[C@H]1OC1(C)C,0.0434020008,15.0,1,1,0.00289346672,-2.5385815084286447
USSIQXCVUWKGNF,CCC(=O)C(C[C@@H](C)N(C)C)(c1ccccc1)c1ccccc1,0.28899999675,100.0,2,1,0.0028899999674999997,-2.539102162127387
USSIQXCVUWKGNF,CCC(=O)C(C[C@H](C)N(C)C)(c1ccccc1)c1ccccc1,0.32649914775,100.0,2,1,0.0032649914775,-2.486117948012047
UWRJTEUTWJCBSE,CO[C@@H]1[C@H](OC(=O)N[C@@H](C(N)=O)C(C)(C)O)CC[C@]2(CO2)[C@H]1[C@@]1(C)O[C@@H]1CC=C(C)C,0.0017000438599999999,15.0,1,1,0.00011333625733333333,-3.9456311330243135
UXOWGYHJODZGMF,COCCCOc1cc(C[C@@H](C[C@H](N)[C@@H](O)C[C@H](C(=O)NCC(C)(C)C(N)=O)C(C)C)C(C)C)ccc1OC,0.1369989733,225.0,4,1,0.0006088843257777778,-3.2154652056397395
VEHBLYQIKWPOQM,Cc1ccc([C@H](C)C(=O)O)cc2c(C)ccc1-2,0.8999990815,500.0,1,1,0.001799998163,-2.7447279381185665
VFLDPWHFBUODDF,COc1cc(/C=C/C(=O)CC(=O)/C=C/c2ccc(O)c(OC)c2)ccc1O,0.6520502999999999,800.0,1,1,0.0008150628749999998,-3.088808887932045
VJVDLRVFJTVWEO,CC#C[C@@H](CC(=O)O)c1ccc(OCc2ccc(CN3CCCc4cccc(OC)c43)s2)cc1,3.7800008408999997,540.0,3,1,0.007000001557222222,-2.1549018633724657
VKHAHZOOUSRJNA,CC#C[C@]1(O)CC[C@H]2[C@@H]3CCC4=CC(=O)CCC4=C3[C@@H](c3ccc(N(C)C)cc3)C[C@@]21C,2.500001352,800.0,1,1,0.00312500169,-2.5051497434535137
VKJGBAJNNALVAV,COc1ccc2cc3[n+](cc2c1OC)CCc1cc2c(cc1-3)OCO2.[Cl-],0.00148728,15.0,5,1,9.915199999999999e-05,-4.003698521194396
VNRMGWLEPYHHBK,COc1ccc(OC(=O)N(CC(=O)O)Cc2ccc(OCCc3nc(-c4ccccc4)oc3C)cc2)cc1.Cl,1.9270518265999996,10.0,1,1,0.19270518265999997,-0.7151066051661739
VOAZJEPQLGBXGO,Nc1nc(/C(=N/O)C(=O)N[C@@H]2C(=O)N3C(C(=O)O)=C(/C=C4\CCN([C@@H]5CCNC5)C4=O)CS[C@H]23)ns1,13.9999980124,200.0,3,1,0.069999990062,-1.1549020216431556
VRTWBAAJJOHBQU,COC(=O)N[C@H](C(=O)N1CC2(CC2)C[C@H]1c1nc(-c2ccc3c(c2)C(F)(F)c2cc(-c4ccc5[nH]c([C@@H]6[C@H]7CC[C@H](C7)N6C(=O)[C@@H](NC(=O)OC)C(C)C)nc5c4)ccc2-3)c[nH]1)C(C)C,0.073077444,30.0,5,1,0.0024359148000000002,-2.613337905914758
WCWUXEGQKLTGDX,Cc1cc2c(F)c(Oc3ncnn4cc(OC[C@@H](C)O)c(C)c34)ccc2[nH]1,4.7999988708,600.0,2,2,0.007999998118,-2.096910115175845
WCWUXEGQKLTGDX,Cc1cc2c(F)c(Oc3ncnn4cc(OC[C@H](C)O)c(C)c34)ccc2[nH]1,0.0500013,400.0,1,1,0.00012500325,-3.903078695482203
WDEFBBTXULIOBB,CCOC(=O)[C@@]1(c2ccccc2)CCC=C[C@@H]1N(C)C,0.46747979999999995,50.0,2,1,0.009349595999999998,-2.0292071547704102
WDENQIQQYWYTPO,CC#CC(=O)N1CCC[C@H]1c1nc(-c2ccc(C(=O)Nc3ccccn3)cc2)c2c(N)nccn12,0.8270009352,175.0,5,1,0.004725719629714286,-2.325532048018911
WDQPAMHFFCXSNU,CC(C)/N=c1\cc2n(-c3ccc(Cl)cc3)c3ccccc3nc-2cc1Nc1ccc(Cl)cc1,0.00211188201,300.0,1,1,7.0396067000000005e-06,-5.152451604038446
WDZCUPBHRAEYDL,CO[C@H]1/C=C/O[C@@]2(C)Oc3c(C)c(O)c4c(O)c(c(/C=N/N5CCN(C6CCCC6)CC5)c(O)c4c3C2=O)NC(=O)/C(C)=C\C=C\[C@H](C)[C@H](O)[C@@H](C)[C@@H](O)[C@@H](C)[C@H](OC(C)=O)[C@@H]1C,21.2000038288,900.0,3,2,0.023555559809777776,-1.6279065700753583
WHTVZRBIWZFKQO,CCN(CC)CCCC(C)Nc1ccnc2cc(Cl)ccc12,0.23199936759999998,450.0,9,2,0.0005155541502222221,-3.2877257127129127
WIGIZIANZCJQQY,CCC1=C(C)CN(C(=O)NCCc2ccc(S(=O)(=O)NC(=O)N[C@H]3CC[C@H](C)CC3)cc2)C1=O,0.3084983314,37.5,10,1,0.008226622170666666,-2.0847784483559697
WINHZLLDWRZWRT,CCN(CC)CCNC(=O)c1c(C)[nH]c(/C=C2\C(=O)Nc3ccc(F)cc32)c1C,0.0243989304,50.0,1,1,0.00048797860800000003,-3.3115992161759586
WLGSYOKBEDVHQB,CC[C@H]1OC(=O)[C@H](C)C(=O)[C@H](C)[C@@H](O[C@@H]2O[C@H](C)C[C@H](N(C)C)[C@H]2O)[C@@]2(C)C[C@@H](C)/C(=N\C(C)=O)[C@H](C)[C@@H](OC/C(=N\OCc3ccc(-n4cccn4)nc3)CO2)[C@]1(C)O,0.5420037491999999,400.0,15,3,0.001355009373,-2.868057700635996
WQVFGNHFXQRKSQ,C[C@@H]1[C@H](O)C[C@H]2[C@@H](C)[C@H](N3CCS(=O)(=O)CC3)O[C@@H]3O[C@]4(C)CC[C@@H]1[C@]32OO4,0.038198904799999996,80.0,5,1,0.00047748630999999996,-3.3210390755497383
WVLHHLRVNDMIAR,NCCCCN(Cc1nc2ccccc2[nH]1)[C@H]1CCCc2cccnc21,0.41149872079999994,200.0,10,2,0.002057493604,-2.6866615061773325
WVLOADHCBXTIJK,CN1CC[C@]23c4c5ccc(O)c4O[C@H]2C(=O)CC[C@H]3[C@H]1C5,0.011413599999999998,4.0,1,1,0.0028533999999999994,-2.5446373430937137
WVPSKSLAZQPAKQ,N[C@@H]1[C@H]2CN(c3nc4c(cc3F)c(=O)c(C(=O)O)cn4-c3ccc(F)cc3F)C[C@@H]12,2.5000003111999995,300.0,1,1,0.008333334370666665,-2.079181191986651
WWJFFVUVFNBJTN,C[C@@H]([C@H](N)C(=O)N[C@H](C(=O)O)[C@H]1O[C@@H](n2ccc(=O)[nH]c2=O)[C@H](O)[C@@H]1O)[C@H](O)c1ccc(O)cn1,4.995000560249999,1250.0,6,1,0.003996000448199999,-2.39837447173465
XCGYUJZMCCFSRP,CC(C)NCC1CCc2cc(CO)c([N+](=O)[O-])cc2N1,1.0000008857999998,15.0,1,1,0.06666672571999999,-1.1760908743577996
XEDONBRPTABQFB,O=Cc1c(O)cccc1OCc1ccc(C(=O)O)cc1,371.90716,37.0,2,1,10.051544864864864,1.0022328154604572
XEESEADVQCJXSF,CNC(=O)[C@H]1CC[C@H](NC(=O)C(=O)Nc2ccc(Cl)cn2)[C@H](NC(=O)c2nc3c(s2)CN(C)CC3)C1,0.0006301671999999999,60.0,1,1,1.0502786666666665e-05,-4.978695455845441
XGGTZCKQRWXCHW,CC(=O)N1CCN([C@H]2CCN(C(=O)N(C)[C@H](C)c3cc(C(F)(F)F)cc(C(F)(F)F)c3)[C@@H](c3ccc(F)cc3C)C2)CC1,0.6520016555999999,125.0,4,1,0.005216013244799999,-2.2826613144892782
XIURVHNZVLADCM,CC(=O)OCC1=C(C(=O)O)N2C(=O)[C@@H](NC(=O)Cc3cccs3)[C@H]2SC1,30.0000018555,1000.0,2,1,0.0300000018555,-1.5228787184192247
XMZSTQYSBYEENY,COc1c(/C=C/c2ccc(NS(C)(=O)=O)cc2)cc(-n2ccc(=O)[nH]c2=O)cc1C(C)(C)C,0.35899975019999997,160.0,4,1,0.0022437484387499997,-2.649025836269247
XNCDYJFPRPDERF,CCN(CC)[14C](=O)C1(c2ccccc2)CC1CN.Cl,0.7850047143999999,100.0,1,1,0.007850047143999998,-2.105127735061426
XNRVGTHNYCNCFF,CS(=O)(=O)CCNCc1ccc(-c2ccc3ncnc(Nc4ccc(OCc5cccc(F)c5)c(Cl)c4)c3c2)o1.Cc1ccc(S(=O)(=O)O)cc1.Cc1ccc(S(=O)(=O)O)cc1.O,0.5358268408,250.0,1,1,0.0021433073632,-2.668915544044553
XQTWDDCIUJNLTR,C[C@H]1c2cccc(O)c2C(=O)C2=C(O)[C@]3(O)C(=O)C(C(N)=O)=C(O)[C@@H](N(C)C)[C@@H]3[C@@H](O)[C@@H]21.O,3.1909739999999998,600.0,1,1,0.00531829,-2.2742279847995133
XRQDFNLINLXZLB,CCC(CC)[C@H](NC(C)=O)[C@@H]1[C@H](O)[C@@H](C(=O)O)C[C@H]1NC(=N)N,9.999999113400001,300.0,1,1,0.03333333037800001,-1.4771212932242128
XTYSXGHMTNTKFH,CC(C)(C)NC(=O)[C@@H]1CN(Cc2cccnc2)CCN1C[C@@H](O)C[C@@H](Cc1ccccc1)C(=O)N[C@H]1c2ccccc2C[C@H]1O.O,7.0202215202,800.0,2,1,0.00877527690025,-2.056739170662335
XUBOMFCQGDBHNK,COc1c(N2CCNC(C)C2)c(F)cc2c(=O)c(C(=O)O)cn(C3CC3)c12,3.6000015349999996,400.0,4,4,0.0090000038375,-2.045757305382373
XVDQGGLGAFFNJF,CO[C@@H]1[C@H](OC(=O)N[C@@H](C(N)=O)C(C)C)CC[C@]2(CO2)[C@H]1[C@@]1(C)O[C@@H]1C/C=C(\C)CO,0.0107007166,15.0,1,1,0.0007133811066666666,-3.1466783967905796
XWLXKKNPFMNSFA,CCC(C)(C)C(=O)O[C@H]1C[C@@H](C)C=C2C=C[C@H](C)[C@H](CC[C@@H](O)C[C@@H](O)CC(=O)O)[C@H]21,0.05499942525,80.0,8,1,0.000687492815625,-3.162731835898749
XYFFWTYOFPSZRM,CO[C@H]1/C=C\C=C(/C)C(=O)NC2=CC(=O)C(N)=C(C[C@@H](C)C[C@H](OC)[C@H](O)[C@@H](C)/C=C(\C)[C@@H]1OC(N)=O)C2=O,1.63689,220.0,1,1,0.00744040909090909,-2.128403185282067
YBQGLTGAHBCMME,NC(=O)C1(N)CCN(c2ncnc3c2nc(-c2ccccc2Cl)n3-c2ccc(Cl)cc2)CC1,0.04200082659999999,25.0,1,1,0.0016800330639999998,-2.7746821710292284
YDSAXZXFUOAJSV,COc1cc2c(cc1OC)[C@H](CCc1ccc(C(F)(F)F)cc1)NCC2,0.07419974730000001,200.0,2,1,0.0003709987365,-3.430627569446982
YFAGHNZHGGCZAX,Cc1onc(-c2c(Cl)cccc2Cl)c1C(=O)N[C@@H]1C(=O)N2[C@@H]1SC(C)(C)[C@@H]2C(=O)O,29.99999905,1000.0,1,1,0.02999999905,-1.5228787590329964
YJEJKUQEXFSVCJ,C=C(C)[C@@H]1CC[C@]2(C(=O)O)CC[C@]3(C)[C@H](CC[C@@H]4[C@@]5(C)CC[C@H](OC(=O)CC(C)(C)C(=O)O)C(C)(C)[C@@H]5CC[C@]43C)[C@@H]12,10.4750019834,75.0,8,1,0.139666693112,-0.854907149521425
YLMAHDNUQAMNNX,CS(=O)(=O)O.Cc1ccc(NC(=O)c2ccc(CN3CCN(C)CC3)cc2)cc1Nc1nccc(-c2cccnc2)n1,2.6283053763999997,400.0,1,1,0.006570763440999999,-2.1823841678905476
YMARZQAQMVYCKC,CC(C)CN(C[C@@H](O)[C@H](Cc1ccccc1)NC(=O)O[C@H]1CCOC1)S(=O)(=O)c1ccc(N)cc1,6.1000005088,700.0,1,1,0.008714286441142857,-2.0597681687790597
YPFZMBHKIVDSNR,CCOc1ncc(S(=O)(=O)N2CCN(CC)CC2)cc1-c1nc2c(CC)n(CCOC)nc2c(=O)[nH]1,0.20480177189999998,1.43,1,1,0.14321802230769232,-0.8440023277244347
YVEWNHIWUSICNI,CC(C)c1nc(N(C)c2ncnn2C)nc(-c2ccc(F)cc2)c1/C=C/[C@@H](O)C[C@@H](O)CC(=O)[O-].[Na+],0.004787532519999999,10.0,1,1,0.0004787532519999999,-3.319888263005862
YWTJAGLMNTUIMB,Cc1ccc(NC(=O)C[C@H](CCC(=O)O)c2noc([C@H]3C[C@@H](CC(C)(C)C)C3)c2C2CC2)c(Cl)c1,13.145000230199999,300.0,8,1,0.043816667434,-1.3583606566717588
YXPVEXCTPGULBZ,C=C1[C@H](CO)[C@@H](O)C[C@@H]1n1cnc2c(=O)[nH]c(N)nc21.O,0.008858999999999999,1.0,1,1,0.008858999999999999,-2.052615298315259
ZADWXFSZEAPBJS,Cn1cc(C[C@@H](N)C(=O)O)c2ccccc21,3.8959409999999997,1800.0,2,1,0.0021644116666666665,-2.6646601337880145
ZAGGUCLXSCVDCK,O=S(=O)(Nc1nncs1)c1cc(Cl)c(Oc2ccc(C(F)(F)F)cc2-c2ccnnc2)cc1F,0.004799865599999999,0.1,1,1,0.04799865599999999,-1.3187709230401528
ZBSWJVQMWMTXIV,COc1cnc(OC)c2c1c(C(=O)C(=O)N1CCN(C(=O)c3ccccc3)CC1)cn2COP(=O)(O)O.NCCCC[C@H](N)C(=O)O,7.693249665999998,150.0,6,1,0.051288331106666654,-1.2899814324015417
ZDPYSJCPGHHDID,CCCCOC(=O)N1CCN(C(=O)[C@H](CP(=O)(OCOC(=O)OC(C)C)OCOC(=O)OC(C)C)NC(=O)c2cc(N3CC[C@H](OC)C3)nc(-c3ccccc3)n2)CC1,0.007870455,535.0,2,1,1.4711130841121495e-05,-4.832353941875976
ZEKZLJVOYLTDKK,CCn1cc(C(=O)O)c(=O)c2cc(F)c(N3CCNC(C)C3)c(F)c21,2.799999501,400.0,1,1,0.006999998752499999,-2.154902037383231
ZEUXAIYYDDCIRX,CCCCc1nc(Cl)c(C(=O)O)n1Cc1ccc(-c2ccccc2-c2nn[nH]n2)cc1,0.23640003649999997,50.0,8,1,0.004728000729999999,-2.3253224650720323
ZKAHFFVNALZECX,Cc1c(-c2ccc(NC(=O)c3c(F)cccc3F)cc2)cccc1-c1nn(C)c(=O)o1,0.595798497,80.0,4,1,0.0074474812125,-2.1279905836910147
ZLHZLMOSPGACSZ,O=[N+]([O-])c1cn2c(n1)OC[C@@H](OCc1ccc(OC(F)(F)F)cc1)C2,0.30000006299999993,1500.0,1,1,0.00020000004199999995,-3.6989699131341873
ZPFMUYZJSFRGQQ,C[C@H]1[C@H](N2C=CS(=O)(=O)CC2)O[C@@H]2O[C@]3(C)CC[C@H]4[C@H](C)CC[C@@H]1[C@@]24OO3,0.08529938009999999,80.0,5,1,0.0010662422512499998,-2.9721441119806644
ZRCVYEYHRGVLOC,CO/N=C1\CN(c2nc3c(cc2F)c(=O)c(C(=O)O)cn3C2CC2)CC1CN,1.0000002468,320.0,1,1,0.00312500077125,-2.505149871136041
ZRVUJXDFFKFLMG,Cc1cnc(NC(=O)C2=C(O)c3ccccc3S(=O)(=O)N2C)s1,1.250000511,15.0,1,1,0.08333336740000001,-1.079181068508077
ZSKVGTPCRGIANV,C[C@@H](O)[C@H]1C(=O)N2C(C(=O)O)=C(SCCNC=N)C[C@H]12,6.599999949500001,500.0,1,1,0.013199999899000002,-1.879426072117161
ZYSCOUXLBXGGIM,Nc1[nH]ncc1-c1cc(Cl)ccc1Oc1cc(F)c(S(=O)(=O)Nc2cscn2)cc1Cl,0.010997912799999999,0.1,1,1,0.10997912799999998,-0.9586897280646649
