name,f_pct,raw,smiles
Cyclosporine,30.0,"the absorption of cyclosporine occurs mainly in the intestine.[a174049,a189405] absorption of cyclosporine is highly var",C/C=C/C[C@@H](C)[C@@H](O)[C@H]1C(=O)N[C@@H](CC)C(=O)N(C)CC(=O)N(C)[C@@H](CC(C)C)C(=O)N[C@@H](C(C)C)C(=O)N(C)[C@@H](CC(C)C)C(=O)N[C@@H](C)C(=O)N[C@H](C)C(=O)N(C)[C@@H](CC(C)C)C(=O)N(C)[C@@H](CC(C)C)C(=O)N(C)[C@@H](C(C)C)C(=O)N1C
Vitamin E,36.0,"10-33% of deuterium labelled vitamin e is absorbed in the small intestine[a176110,l3063]. absorption of vitamin e is dep",Cc1c(C)c2c(c(C)c1O)CC[C@@](C)(CCC[C@H](C)CCC[C@H](C)CCCC(C)C)O2
Pravastatin,17.0,pravastatin is absorbed 60-90 min after oral administration and it presents a low bioavailability of 17%.[a34502] this l,CC[C@H](C)C(=O)O[C@H]1C[C@H](O)C=C2C=C[C@H](C)[C@H](CC[C@@H](O)C[C@@H](O)CC(=O)O)[C@H]21
Fluvoxamine,53.0,"well absorbed, bioavailability of fluvoxamine maleate is 53% [fda label].",COCCCC/C(=N\OCCN)c1ccc(C(F)(F)F)cc1
Baclofen,70.0,"baclofen has an oral bioavailability of 70% to 85%. following oral administration, it is rapidly absorbed through the ga",NCC(CC(=O)O)c1ccc(Cl)cc1
Amphetamine,75.0,amphetamine is well absorbed in the gut and as it is a weak base hence the more basic the environment the more of the dr,CC(N)Cc1ccccc1
Lorazepam,90.0,readily absorbed with an absolute bioavailability of 90% when given orally. when intramuscularly administered a dose of ,O=C1Nc2ccc(Cl)cc2C(c2ccccc2Cl)=NC1O
Carbidopa,58.0,"when [levodopa]/carbidopa is administered orally, 40-70% of the administered dose is absorbed.[l5116] once absorbed, car",C[C@@](Cc1ccc(O)c(O)c1)(NN)C(=O)O
Tramadol,75.0,"**oral administration**

tramadol is administered as a racemate, with both the [-] and [+] forms of both tramadol and ",COc1cccc(C2(O)CCCCC2CN(C)C)c1
Betaxolol,89.0,absorption of an oral dose is complete. there is a small and consistent first-pass effect resulting in an absolute bioav,CC(C)NCC(O)COc1ccc(CCOCC2CC2)cc1
Erythromycin,45.0,orally administered erythromycin is readily absorbed. food intake does not appear to exert effects on serum concentratio,CC[C@H]1OC(=O)[C@H](C)[C@@H](O[C@H]2C[C@@](C)(OC)[C@@H](O)[C@H](C)O2)[C@H](C)[C@@H](O[C@@H]2O[C@H](C)C[C@H](N(C)C)[C@H]2O)[C@](C)(O)C[C@@H](C)C(=O)[C@H](C)[C@@H](O)[C@]1(C)O
Caffeine,100.0,"caffeine is rapidly absorbed after oral or parenteral administration, reaching peak plasma concentration within 30 minut",Cn1c(=O)c2c(ncn2C)n(C)c1=O
Sildenafil,41.0,"sildenafil is known to be quickly absorbed, with maximum plasma concentrations being observed within 30-120 minutes (wit",CCCc1nn(C)c2c(=O)[nH]c(-c3cc(S(=O)(=O)N4CCN(C)CC4)ccc3OCC)nc12
Azithromycin,37.0,bioavailability of azithromycin is 37% following oral administration. absorption is not affected by food.  macrolide abs,CC[C@H]1OC(=O)[C@H](C)[C@@H](O[C@H]2C[C@@](C)(OC)[C@@H](O)[C@H](C)O2)[C@H](C)[C@@H](O[C@@H]2O[C@H](C)C[C@H](N(C)C)[C@H]2O)[C@](C)(O)C[C@@H](C)CN(C)[C@H](C)[C@@H](O)[C@]1(C)O
Midodrine,93.0,"rapidly absorbed following oral administration. the peak plasma concentrations of the prodrug, desglymidodrine, is reach",COc1ccc(OC)c(C(O)CNC(=O)CN)c1
Pantoprazole,77.0,pantoprazole is absorbed after oral administration as an enteric-coated tablet with maximum plasma concentrations attain,COc1ccnc(CS(=O)c2nc3ccc(OC(F)F)cc3[nH]2)c1OC
Torasemide,80.0,torasemide is the diuretic with the highest oral bioavailability even in advanced stages of chronic kidney disease.[a174,Cc1cccc(Nc2ccncc2S(=O)(=O)NC(=O)NC(C)C)c1
Citalopram,80.0,the single- and multiple-dose pharmacokinetics of citalopram are linear and dose-proportional in a dose range of 10 to 4,CN(C)CCCC1(c2ccc(F)cc2)OCc2cc(C#N)ccc21
Eletriptan,50.0,well absorbed after oral administration with a mean absolute bioavailability of approximately 50%.,CN1CCC[C@@H]1Cc1c[nH]c2ccc(CCS(=O)(=O)c3ccccc3)cc12
Moxifloxacin,90.0,well absorbed from the gastrointestinal tract. absolute oral bioavailability is approximately 90%. food has little effec,COc1c(N2C[C@@H]3CCCN[C@@H]3C2)c(F)cc2c(=O)c(C(=O)O)cn(C3CC3)c12
Cefotiam,60.0,rapidly absorbed following intramuscular injection. bioavailability is 60% following intramuscular injection.,CN(C)CCn1nnnc1SCC1=C(C(=O)O)N2C(=O)[C@@H](NC(=O)Cc3csc(N)n3)[C@H]2SC1
Pregabalin,90.0,"after oral dosing administered in the fasted state, pregabalin absorption is rapid, and extensive.[a31165] pregabalin or",CC(C)C[C@H](CN)CC(=O)O
Cladribine,40.0,"oral bioavailability is approximately 40%.[l50688] following the oral administration of 10 mg cladribine, the mean maxim",Nc1nc(Cl)nc2c1ncn2[C@H]1C[C@H](O)[C@@H](CO)O1
Benzatropine,29.0,oral administration of 1.5 mg of benztropine is slowly absorbed in the gastrointestinal tract and it reaches a peak conc,CN1[C@@H]2CC[C@H]1C[C@@H](OC(c1ccccc1)c1ccccc1)C2
Ziprasidone,60.0,"in the absence of food, ziprasidone's oral bioavailability is 60%, and absorption may reach 100% if ziprasidone is taken",O=C1Cc2cc(CCN3CCN(c4nsc5ccccc45)CC3)c(Cl)cc2N1
Dapsone,80.0,bioavailability is 70 to 80% following oral administration.,Nc1ccc(S(=O)(=O)c2ccc(N)cc2)cc1
Doxycycline,95.0,doxycycline is virtually completely absorbed after oral administration [l42870] with a bioavailability of ranging from 7,C[C@H]1c2cccc(O)c2C(=O)C2=C(O)[C@]3(O)C(=O)C(C(N)=O)=C(O)[C@@H](N(C)C)[C@@H]3[C@@H](O)[C@@H]21
Lymecycline,70.0,lymecycline is 77-88% absorbed after oral administration with a relative bioavailability of 70%.[a203258] the cmax of ly,CN(C)[C@@H]1C(O)=C(C(=O)NCNCCCC[C@H](N)C(=O)O)C(=O)[C@@]2(O)C(O)=C3C(=O)c4c(O)cccc4[C@@](C)(O)[C@H]3C[C@@H]12
Anagrelide,70.0,"following oral administration, the bioavailability of anagrelide is approximately 70%.[l14153] given on an empty stomach",O=C1CN2Cc3c(ccc(Cl)c3Cl)N=C2N1
Metoprolol,100.0,"when metoprolol is administered orally, it is almost completely absorbed in the gastrointestinal tract.[a175141] the max",COCCc1ccc(OCC(O)CNC(C)C)cc1
Cefmenoxime,100.0,bioavailability is approximately 100% following intramuscular injection.,CO/N=C(\C(=O)N[C@@H]1C(=O)N2C(C(=O)O)=C(CSc3nnnn3C)CS[C@H]12)c1csc(N)n1
Ropinirole,45.0,"ropinirole is rapidly absorbed after oral administration, reaching peak concentration in approximately 1 to 2 hours [fda",CCCN(CCC)CCc1cccc2c1CC(=O)N2
Isradipine,15.0,"isradipine is 90%-95% absorbed and is subject to extensive first-pass metabolism, resulting in a bioavailability of abou",COC(=O)C1=C(C)NC(C)=C(C(=O)OC(C)C)C1c1cccc2nonc12
Topiramate,80.0,"after a 400mg dose in one clinical trial, topiramate reached maximal concentrations within 1.8-4.3 hours and ranged from",CC1(C)O[C@@H]2[C@@H](CO[C@@]3(COS(N)(=O)=O)OC(C)(C)O[C@@H]23)O1
Cefmetazole,100.0,bioavailability is approximately 100% following intramuscular injection.,CO[C@@]1(NC(=O)CSCC#N)C(=O)N2C(C(=O)O)=C(CSc3nnnn3C)CS[C@@H]21
Olmesartan,4.5,"when taken orally, the prodrug olmesartan medoxomil is rapidly absorbed in the gastrointestinal tract and metabolized to",CCCc1nc(C(C)(C)O)c(C(=O)O)n1Cc1ccc(-c2ccccc2-c2nnn[nH]2)cc1
Argatroban,100.0,bioavailability is 100% (intravenous).,CC1CNc2c(cccc2S(=O)(=O)N[C@@H](CCCNC(=N)N)C(=O)N2CC[C@@H](C)C[C@@H]2C(=O)O)C1
Lidocaine,35.0,"in general, lidocaine is readily absorbed across mucous membranes and damaged skin but poorly through intact skin [f4468",CCN(CC)CC(=O)Nc1c(C)cccc1C
Venlafaxine,45.0,venlafaxine is well absorbed after oral administration with an absolute bioavailability of approximately 45%. in mass ba,COc1ccc(C(CN(C)C)C2(O)CCCCC2)cc1
Atomoxetine,63.0,the pharmacokinetic profile of atomoxetine is highly dependent on cytochrome p450 2d6 genetic polymorphisms of the indiv,CNCC[C@@H](Oc1ccccc1C)c1ccccc1
Etonogestrel,82.0,vaginal administration of etonogestrel is known to be significantly absorbed through the vaginal epithelium but it does ,C#C[C@]1(O)CC[C@H]2[C@@H]3CCC4=CC(=O)CC[C@@H]4[C@H]3C(=C)C[C@@]21CC
Morphine,100.0,morphine is absorbed in the alkaline environments of the upper intestine and rectal mucosa.[a176119] the bioavailability,CN1CC[C@]23c4c5ccc(O)c4O[C@H]2[C@@H](O)C=C[C@H]3[C@H]1C5
Flucloxacillin,70.0,bioavailability is 50–70% following oral administration.,Cc1onc(-c2c(F)cccc2Cl)c1C(=O)N[C@@H]1C(=O)N2[C@@H]1SC(C)(C)[C@@H]2C(=O)O
Ertapenem,90.0,"ertapenem is almost completely absorbed following intramuscular administration, with a mean bioavailability of approxima",C[C@@H](O)[C@H]1C(=O)N2C(C(=O)O)=C(S[C@@H]3CN[C@H](C(=O)Nc4cccc(C(=O)O)c4)C3)[C@H](C)[C@H]12
Valproic acid,90.0,"the intravenous and oral forms of valproic acid are expected to produce the same auc, cmax, and cmin at steady-state.[la",CCCC(CCC)C(=O)O
Zolmitriptan,40.0,"zolmitriptan tablets have a mean absolute oral bioavailability of approximately 40%, with food having no effect on the r",CN(C)CCc1c[nH]c2ccc(C[C@H]3COC(=O)N3)cc12
Gefitinib,60.0,absorbed slowly after oral administration with a mean bioavailability of 60%. peak plasma levels occurs 3-7 hours post-a,COc1cc2ncnc(Nc3ccc(F)c(Cl)c3)c2cc1OCCCN1CCOCC1
Dihydroergotamine,40.0,"when delivered intranasally, dhe has a bioavailability of approximately 40% with a tmax of 30-60 min.[l38469, a239234]. ",CN1C[C@H](C(=O)N[C@]2(C)O[C@@]3(O)[C@@H]4CCCN4C(=O)[C@H](Cc4ccccc4)N3C2=O)C[C@@H]2c3cccc4[nH]cc(c34)C[C@H]21
Amitriptyline,60.0,rapidly absorbed following oral administration (bioavailability is 30-60% due to first pass metabolism). peak plasma con,CN(C)CCC=C1c2ccccc2CCc2ccccc21
Tolcapone,65.0,rapidly absorbed (absolute bioavailability is about 65%),Cc1ccc(C(=O)c2cc(O)c(O)c([N+](=O)[O-])c2)cc1
Hydromorphone,60.0,the immediate release version of hydromorphone reaches its peak concentration after 30-60 minutes while the extended-rel,CN1CC[C@]23c4c5ccc(O)c4O[C@H]2C(=O)CC[C@H]3[C@H]1C5
Indomethacin,100.0,indometacin displays a linear pharmacokinetics profile where the plasma concentrations and area under the curve (auc) ar,COc1ccc2c(c1)c(CC(=O)O)c(C)n2C(=O)c1ccc(Cl)cc1
Ipratropium,2.0,ipratropium is a topically active but poorly absorbed agent.[t539] the lack of absorption potential in the mucosal surfa,CC(C)[N+]1(C)[C@@H]2CC[C@H]1C[C@@H](OC(=O)C(CO)c1ccccc1)C2
Methadone,100.0,methadone is one of the more lipid-soluble opioids and is well absorbed from the gastrointestinal tract. following oral ,CCC(=O)C(CC(C)N(C)C)(c1ccccc1)c1ccccc1
Diltiazem,40.0,diltiazem is readily absorbed from the gastrointestinal tract. minimum therapeutic plasma diltiazem concentrations appea,COc1ccc([C@@H]2Sc3ccccc3N(CCN(C)C)C(=O)[C@@H]2OC(C)=O)cc1
Alfuzosin,49.0,alfuzosin is readily absorbed in the gastrointestinal tract and the absolute bioavailability under fed conditions is 49%,COc1cc2nc(N(C)CCCNC(=O)C3CCCO3)nc(N)c2cc1OC
Methylergometrine,78.0,absorption is rapid after oral (60% bioavailability) and intramuscular (78% bioavailability) administration.,CC[C@@H](CO)NC(=O)[C@@H]1C=C2c3cccc4[nH]cc(c34)C[C@H]2N(C)C1
Mefloquine,40.0,mefloquine is readily absorbed from the gastrointestinal tract; food significantly increases absorption and increases bi,OC(c1cc(C(F)(F)F)nc2c(C(F)(F)F)cccc12)C1CCCCN1
Grepafloxacin,70.0,rapidly and extensively absorbed following oral administration. the absolute bioavailability is approximately 70%.,Cc1c(F)c(N2CCNC(C)C2)cc2c1c(=O)c(C(=O)O)cn2C1CC1
Levonorgestrel,100.0,orally administered levonorgestrel is absorbed in the gastrointestinal tract while levonorgestrel administered through a,C#C[C@]1(O)CC[C@H]2[C@@H]3CCC4=CC(=O)CC[C@@H]4[C@H]3CC[C@@]21CC
Mirtazapine,50.0,"the absorption of this drug is rapid and complete.[a177826, fda label] due to first pass metabolism in the liver and met",CN1CCN2c3ncccc3Cc3ccccc3C2C1
Timolol,60.0,"the systemic bioavailability of the ophthalmic eyedrop in one study of healthy volunteers was 78.0 ± 24.5% [a179539], in",CC(C)(C)NC[C@H](O)COc1nsnc1N1CCOCC1
Treprostinil,100.0,"after subcutaneous infusion, treprostinil is completely absorbed, with a bioavailability of about 100%, and it reaches s",CCCCC[C@H](O)CC[C@@H]1[C@H]2Cc3cccc(OCC(=O)O)c3C[C@H]2C[C@H]1O
Dydrogesterone,28.0,rapidly absorbed in the gastrointestinal tract with a bioavailability of 28%.,CC(=O)[C@H]1CC[C@H]2[C@@H]3C=CC4=CC(=O)CC[C@@]4(C)[C@@H]3CC[C@]12C
Mexiletine,90.0,well absorbed (bioavailability 90%) from the gastrointenstinal tract.,Cc1cccc(C)c1OCC(C)N
Amlodipine,90.0,amlodipine absorbed slowly and almost completely from the gastrointestinal tract. peak plasma concentrations are achieve,CCOC(=O)C1=C(COCCN)NC(C)=C(C(=O)OC)C1c1ccccc1Cl
Tacrine,17.0,tacrine is rapidly absorbed. absolute bioavailability of tacrine is approximately 17%.,Nc1c2c(nc3ccccc13)CCCC2
Triamterene,67.0,"triamterene is shown to be rapidly absorbed in the gastrointestinal tract [l6166,t28] its onset of action achiveved with",Nc1nc(N)c2nc(-c3ccccc3)c(N)nc2n1
Digoxin,100.0,digoxin is approximately 70-80% absorbed in the first part of the small bowel.[a178228]  the bioavailability of an oral ,C[C@H]1O[C@@H](O[C@H]2[C@@H](O)C[C@H](O[C@H]3[C@@H](O)C[C@H](O[C@H]4CC[C@@]5(C)[C@H](CC[C@@H]6[C@@H]5C[C@@H](O)[C@]5(C)[C@@H](C7=CC(=O)OC7)CC[C@]65O)C4)O[C@@H]3C)O[C@@H]2C)C[C@H](O)[C@@H]1O
Sulpiride,9.0,sulpiride has an oral bioavailability of 27 ± 9%.[a229653] a 100-108 mg dose of sulpiride reaches a c<sub>max</sub> of 2,CCN1CCCC1CNC(=O)c1cc(S(N)(=O)=O)ccc1OC
Nimodipine,100.0,"in humans, nimodipine is rapidly absorbed after oral administration, and peak concentrations are generally attained with",COCCOC(=O)C1=C(C)NC(C)=C(C(=O)OC(C)C)C1c1cccc([N+](=O)[O-])c1
Phenylpropanolamine,38.0,reduced bioavailability (about 38%) from gastrointestinal tract because of first pass metabolism by monoamine oxidase in,CC(N)C(O)c1ccccc1
Sorafenib,49.0,the administration of multiple doses for seven days resulted in a 2.5- to 7-fold accumulation compared to a single dose.,CNC(=O)c1cc(Oc2ccc(NC(=O)Nc3ccc(Cl)c(C(F)(F)F)c3)cc2)ccn1
Nisoldipine,5.0,relatively well absorbed into the systemic circulation with 87% of the radiolabeled drug recovered in urine and feces. t,COC(=O)C1=C(C)NC(C)=C(C(=O)OCC(C)C)C1c1ccccc1[N+](=O)[O-]
Alprazolam,91.0,"alprazolam administered orally is rapidly absorbed in the gastrointestinal tract, reaching c<sub>max</sub> in about 1.8 ",Cc1nnc2n1-c1ccc(Cl)cc1C(c1ccccc1)=NC2
Rosiglitazone,99.0,the absolute bioavailability of rosiglitazone is 99%. peak plasma concentrations are observed about 1 hour after dosing.,CN(CCOc1ccc(CC2SC(=O)NC2=O)cc1)c1ccccn1
Miglustat,97.0,mean oral bioavailability is 97%.,CCCCN1C[C@H](O)[C@@H](O)[C@H](O)[C@H]1CO
Spironolactone,95.4,"the mean time to reach peak plasma concentration of spironolactone and the active metabolite, canrenone, in healthy volu",CC(=O)S[C@@H]1CC2=CC(=O)CC[C@]2(C)[C@H]2CC[C@@]3(C)[C@@H](CC[C@@]34CCC(=O)O4)[C@H]12
Prochlorperazine,12.5,"following oral administration, prochlorperazine is reported to be well absorbed from the gastrointestinal tract. the ons",CN1CCN(CCCN2c3ccccc3Sc3ccc(Cl)cc32)CC1
Cerivastatin,60.0,the mean absolute oral bioavailability 60% (range 39 - 101%).,COCc1c(C(C)C)nc(C(C)C)c(/C=C/[C@@H](O)C[C@@H](O)CC(=O)O)c1-c1ccc(F)cc1
Entecavir,100.0,"absorption following oral administration in healthy subjects, entecavir peak plasma concentrations occurred between 0.5 ",C=C1[C@H](CO)[C@@H](O)C[C@@H]1n1cnc2c(=O)nc(N)[nH]c21
Chloramphenicol,80.0,rapidly and completely absorbed from gastrointestinal tract following oral administration (bioavailability 80%). well ab,O=C(N[C@H](CO)[C@H](O)c1ccc([N+](=O)[O-])cc1)C(Cl)Cl
Meperidine,90.0,the oral bioavailability of meperidine in patients with normal hepatic function is 50-60% due to extensive first-pass me,CCOC(=O)C1(c2ccccc2)CCN(C)CC1
Imipramine,77.0,rapidly and well absorbed (>95%) after oral administration [a31907]. the primary site of absorption is the small intesti,CN(C)CCCN1c2ccccc2CCc2ccccc21
Ketorolac,80.0,"ketorolac is rapidly, and completely absorbed after oral administration with a bioavailability of 80% after oral adminis",O=C(c1ccccc1)c1ccc2n1CCC2C(=O)O
Enoxacin,90.0,"rapidly absorbed following oral administration, with an absolute oral bioavailability of approximately 90%.",CCn1cc(C(=O)O)c(=O)c2cc(F)c(N3CCNCC3)nc21
Tenoxicam,100.0,oral absorption of tenoxicam is rapid and complete (absolute bioavailability 100%).,CN1C(C(=O)Nc2ccccn2)=C(O)c2sccc2S1(=O)=O
Montelukast,64.0,"it has been observed that montelukast is quickly absorbed following administration by the oral route.[l6301,l6304,l6307,",CC(C)(O)c1ccccc1CC[C@@H](SCC1(CC(=O)O)CC1)c1cccc(/C=C/c2ccc3ccc(Cl)cc3n2)c1
Fluoxetine,90.0,"the oral bioavailability of fluoxetine is <90% as a result of hepatic first pass metabolism.[l7721]

in a bioequivalen",CNCCC(Oc1ccc(C(F)(F)F)cc1)c1ccccc1
Methohexital,17.0,the absolute bioavailability following rectal administration of methohexital is 17%.,C=CCC1(C(C)C#CCC)C(=O)NC(=O)N(C)C1=O
Duloxetine,50.0,duloxetine is incompletely absorbed with a mean bioavailability of 50% although there is wide variability in the range o,CNCC[C@H](Oc1cccc2ccccc12)c1cccs1
Raloxifene,2.0,"raloxifene is well absorbed from the gastrointestinal tract, with approximately 60% fo the drug being absorbed following",O=C(c1ccc(OCCN2CCCCC2)cc1)c1c(-c2ccc(O)cc2)sc2cc(O)ccc12
Buspirone,5.0,buspirone is rapidly absorbed following oral administration.[l4478] bioavailability is low and variable (approximately 5,O=C1CC2(CCCC2)CC(=O)N1CCCCN1CCN(c2ncccn2)CC1
Entacapone,35.0,entacapone is rapidly absorbed (approximately 1 hour). the absolute bioavailability following oral administration is 35%,CCN(CC)C(=O)/C(C#N)=C/c1cc(O)c(O)c([N+](=O)[O-])c1
Zidovudine,65.0,"rapid and nearly complete absorption from the gastrointestinal tract following oral administration; however, because of ",Cc1cn([C@H]2C[C@H](N=[N+]=[N-])[C@@H](CO)O2)c(=O)[nH]c1=O
Oxycodone,60.0,"oxycodone has an oral bioavailability of 60% to 87% that is unaffected by food.[label]

the area under the curve is 13",COc1ccc2c3c1O[C@H]1C(=O)CC[C@@]4(O)[C@@H](C2)N(C)CC[C@]314
Cimetidine,60.0,"two peak plasma concentrations are often observed after oral administration of cimetidine, likely as a result of discont",CN/C(=N/C#N)NCCSCc1nc[nH]c1C
Haloperidol,75.0,"haloperidol is a highly lipophilic compound and is extensively metabolized in humans, which may cause a large interindiv",O=C(CCCN1CCC(O)(c2ccc(Cl)cc2)CC1)c1ccc(F)cc1
Nitazoxanide,70.0,the relative bioavailability of the suspension compared to the tablet was 70%. when administered with food the auc and c,CC(=O)Oc1ccccc1C(=O)Nc1ncc([N+](=O)[O-])s1
Acetyldigitoxin,80.0,bioavailability is 60 to 80% following oral administration.,CC(=O)O[C@H]1C[C@H](O[C@H]2[C@@H](O)C[C@H](O[C@H]3[C@@H](O)C[C@H](O[C@H]4CC[C@@]5(C)[C@H](CC[C@@H]6[C@@H]5CC[C@]5(C)[C@@H](C7=CC(=O)OC7)CC[C@]65O)C4)O[C@@H]3C)O[C@@H]2C)O[C@H](C)[C@H]1O
Trandolapril,14.0,~ 40-60% absorbed; extensive first pass metabolism results in a low bioavailability of 4-14%,CCOC(=O)[C@H](CCc1ccccc1)N[C@@H](C)C(=O)N1[C@H](C(=O)O)C[C@H]2CCCC[C@@H]21
Foscarnet,22.0,poorly absorbed after oral administration (bioavailability from 12 to 22%).,O=C(O)P(=O)(O)O
Cefdinir,16.0,maximal plasma cefdinir concentration can be attained between 2-4 hours after an ingested dose.[l7330] the bioavailabili,C=CC1=C(C(=O)O)N2C(=O)[C@@H](NC(=O)/C(=N\O)c3csc(N)n3)[C@H]2SC1
Ciprofloxacin,80.0,a 250mg oral dose of ciprofloxacin reaches an average maximum concentration of 0.94mg/l in 0.81 hours with an average ar,O=C(O)c1cn(C2CC2)c2cc(N3CCNCC3)c(F)cc2c1=O
Benazepril,3.0,bioavailability of oral dosing is 3% to 4% in horses[a176450]. in humans at least 37% of oral benazepril is absorbed and,CCOC(=O)[C@H](CCc1ccccc1)N[C@H]1CCc2ccccc2N(CC(=O)O)C1=O
Pyridostigmine,20.0,"pyridostigmine administered orally is poorly absorbed in the gi tract, with an oral bioavailability of only 10-20%. howe",CN(C)C(=O)Oc1ccc[n+](C)c1
Lamotrigine,98.0,"lamotrigine is rapidly and entirely absorbed with minimal first-pass metabolism effects, with a bioavailability estimate",Nc1nnc(-c2cccc(Cl)c2Cl)c(N)n1
Zanamivir,4.0,"absolute bioavailability is very low following oral administration (2%).  following oral inhalation, bioavailability is ",CC(=O)N[C@H]1[C@H]([C@H](O)[C@H](O)CO)OC(C(=O)O)=C[C@@H]1N=C(N)N
Bosentan,50.0,absolute bioavailability is approximately 50% and food does not affect absorption.,COc1ccccc1Oc1c(NS(=O)(=O)c2ccc(C(C)(C)C)cc2)nc(-c2ncccn2)nc1OCCO
Methotrexate,90.0,"methotrexate has a bioavailability of 64-90%, though this decreases at oral doses above 25mg due to saturation of the ca",CN(Cc1cnc2nc(N)nc(N)c2n1)c1ccc(C(=O)N[C@@H](CCC(=O)O)C(=O)O)cc1
Atropine,50.0,"intravenous atropine follows a non-linear pharmacokinetic model at doses between 0.5 and 4 mg.[l42835] 
after intramusc",CN1[C@@H]2CC[C@H]1C[C@@H](OC(=O)C(CO)c1ccccc1)C2
Fenfluramine,74.0,fenfluramine has a steady-state t<sub>max</sub> of between four and five hours and an absolute bioavailability of approx,CCNC(C)Cc1cccc(C(F)(F)F)c1
Clonidine,87.0,"clonidine reaches maximum concentration in 60-90 minutes after oral administration.[a180559,a180577] race and fasting st",Clc1cccc(Cl)c1NC1=NCCN1
Carbenicillin,40.0,rapidly absorbed from the small intestine following oral administration. oral bioavailability is 30 to 40%.,CC1(C)S[C@@H]2[C@H](NC(=O)C(C(=O)O)c3ccccc3)C(=O)N2[C@H]1C(=O)O
Valdecoxib,83.0,oral bioavailability is 83%.,Cc1onc(-c2ccccc2)c1-c1ccc(S(N)(=O)=O)cc1
Voriconazole,61.8,the oral bioavailability is estimated to be 96% in healthy adults[l9821]. population pharmacokinetic studies report a re,C[C@@H](c1ncncc1F)[C@](O)(Cn1cncn1)c1ccc(F)cc1F
Levocarnitine,15.0,"absolute bioavailability is 15% (tablets or solution).
time to maximum plasma concentration was found to be 3.3 hours.",C[N+](C)(C)C[C@H](O)CC(=O)[O-]
Enalapril,40.0,"following oral administration, the peak plasma concentrations (cmax) of enalapril is achieved within 1 hour post dosing ",CCOC(=O)[C@H](CCc1ccccc1)N[C@@H](C)C(=O)N1CCC[C@H]1C(=O)O
Nizatidine,70.0,rapid (bioavailability of nizatidine exceeds 70%),CNC(=C[N+](=O)[O-])NCCSCc1csc(CN(C)C)n1
Fluticasone propionate,9.0,"intranasal bioavailability of fluticasone propionate is <2%, and oral bioavailability is <1%[f4358][fda label]. intranas",CCC(=O)O[C@]1(C(=O)SCF)[C@H](C)C[C@H]2[C@@H]3C[C@H](F)C4=CC(=O)C=C[C@]4(C)[C@@]3(F)[C@@H](O)C[C@@]21C
Doxazosin,60.0,doxazosin is rapidly absorbed in the gastrointestinal tract and peak concentrations are achieved within 2-3 hours after ,COc1cc2nc(N3CCN(C(=O)C4COc5ccccc5O4)CC3)nc(N)c2cc1OC
Ethosuximide,93.0,bioavailability following oral administration is 93%.,CCC1(C)CC(=O)NC1=O
Labetalol,11.0,100mg and 200mg oral doses of labetalol have a t<sub>max</sub> of 20 minutes to 2 hours.[a181853] bioavailability may be,CC(CCc1ccccc1)NCC(O)c1ccc(O)c(C(N)=O)c1
Linezolid,100.0,linezolid is extensively absorbed following oral administration and has an absolute bioavailability of approximately 100,CC(=O)NC[C@H]1CN(c2ccc(N3CCOCC3)c(F)c2)C(=O)O1
Cisapride,40.0,"cisapride is rapidly absorbed after oral administration, with an absolute bioavailability of 35-40%.",COc1cc(N)c(Cl)cc1C(=O)N[C@@H]1CCN(CCCOc2ccc(F)cc2)C[C@@H]1OC
Ethionamide,100.0,essentially completely absorbed following oral administration and not subjected to any appreciable first pass metabolism,CCc1cc(C(N)=S)ccn1
Butorphanol,70.0,rapidly absorbed after intramuscular injection and peak plasma levels are reached in 20-40 minutes. the absolute bioavai,Oc1ccc2c(c1)[C@@]13CCCC[C@@]1(O)[C@@H](C2)N(CC1CCC1)CC3
Bisoprolol,90.0,bisoprolol is well absorbed in the gastrointestinal tract.[l7222] the bioavailability of bisoprolol is about 90% due to ,CC(C)NCC(O)COc1ccc(COCCOC(C)C)cc1
Rifabutin,20.0,"rifabutin is readily absorbed from the gastrointestinal tract, with an absolute bioavailability averaging 20%.",CO[C@H]1/C=C/O[C@@]2(C)Oc3c(C)c(O)c4c(c3C2=O)C2=NC3(CCN(CC(C)C)CC3)NC2=C(NC(=O)/C(C)=C\C=C\[C@H](C)[C@H](O)[C@@H](C)[C@@H](O)[C@@H](C)[C@H](OC(C)=O)[C@@H]1C)C4=O
Imatinib,98.0,imatinib is well absorbed after oral administration with cmax achieved within 2-4 hours post-dose. mean absolute bioavai,Cc1ccc(NC(=O)c2ccc(CN3CCN(C)CC3)cc2)cc1Nc1nccc(-c2cccnc2)n1
Triamcinolone,25.0,a 16mg oral dose of triamcinolone reaches a c<sub>max</sub> of 5.23±0.84ng/ml with a t<sub>max</sub> of 2.24±0.78h and a,C[C@]12C=CC(=O)C=C1CC[C@H]1[C@@H]3C[C@@H](O)[C@](O)(C(=O)CO)[C@@]3(C)C[C@H](O)[C@@]12F
Nicardipine,35.0,"while nicardipine is completely absorbed, it is subject to saturable first pass metabolism and the systemic bioavailabil",COC(=O)C1=C(C)NC(C)=C(C(=O)OCCN(C)Cc2ccccc2)C1c1cccc([N+](=O)[O-])c1
Clorazepic acid,91.0,"clorazepate is a prodrug for nordiazepam, and this conversion occurs almost entirely before entering systemic circulatio",O=C(O)C1N=C(c2ccccc2)c2cc(Cl)ccc2NC1=O
Mitotane,40.0,the bioavailability of mitotane following oral administration is 40%.[l49570],Clc1ccc(C(c2ccccc2Cl)C(Cl)Cl)cc1
Leucovorin,97.0,"following oral administration, leucovorin is rapidly absorbed. the apparent bioavailability of leucovorin was 97% for 25",Nc1nc2c(c(=O)[nH]1)N(C=O)C(CNc1ccc(C(=O)N[C@@H](CCC(=O)O)C(=O)O)cc1)CN2
Trazodone,91.0,"trazodone is rapidly absorbed in the gastrointestinal tract after oral administration, with a bioavailability ranging fr",O=c1n(CCCN2CCN(c3cccc(Cl)c3)CC2)nc2ccccn12
Acamprosate,11.0,"acamprosate is absorbed in the gastrointestinal tract. [a229023,a229033] the absolute bioavailability of acamprosate aft",CC(=O)NCCCS(=O)(=O)O
Verapamil,20.0,"more than 90% of orally administered verapamil is absorbed - despite this, bioavailability ranges only from 20% to 30% d",COc1ccc(CCN(C)CCCC(C#N)(c2ccc(OC)c(OC)c2)C(C)C)cc1OC
Sumatriptan,100.0,a 6mg subcutaneous injection of sumatriptan reaches a c<sub>max</sub> of 69.5ng/ml (95% ci  of 62.8-76.9ng/ml) with a t<,CNS(=O)(=O)Cc1ccc2[nH]cc(CCN(C)C)c2c1
Moricizine,38.0,"well absorbed, absorption is complete within 2 to 3 hours. significant first-pass metabolism results in an absolute bioa",CCOC(=O)Nc1ccc2c(c1)N(C(=O)CCN1CCOCC1)c1ccccc1S2
Amphotericin B,100.0,bioavailability is 100% for intravenous infusion.,C[C@@H]1[C@H](O)[C@@H](C)/C=C/C=C/C=C/C=C/C=C/C=C/C=C/[C@H](O[C@@H]2O[C@H](C)[C@@H](O)[C@H](N)[C@@H]2O)C[C@@H]2O[C@](O)(C[C@@H](O)C[C@@H](O)[C@H](O)CC[C@@H](O)C[C@@H](O)CC(=O)O[C@H]1C)C[C@H](O)[C@H]2C(=O)O
Midazolam,50.0,"**intramuscular**  

following im administration of a single 10 mg midazolam dose to healthy subjects, midazolam was a",Cc1ncc2n1-c1ccc(Cl)cc1C(c1ccccc1F)=NC2
Trovafloxacin,88.0,well-absorbed from the gastrointestinal tract after oral administration and does not depend on concomitant food intake. ,N[C@@H]1[C@H]2CN(c3nc4c(cc3F)c(=O)c(C(=O)O)cn4-c3ccc(F)cc3F)C[C@@H]12
Moexipril,13.0,"moexipril is incompletely absorbed, with bioavailability as moexiprilat of about 13% compared to intravenous (i.v.) moex",CCOC(=O)[C@H](CCc1ccccc1)N[C@@H](C)C(=O)N1Cc2cc(OC)c(OC)cc2C[C@H]1C(=O)O
Tizanidine,40.0,"this drug undergoes significant first-pass metabolism. after the administration of an oral dose, tizanidine is mostly ab",Clc1ccc2nsnc2c1NC1=NCCN1
Naltrexone,40.0,"although well absorbed orally, naltrexone is subject to significant first pass metabolism with oral bioavailability esti",O=C1CC[C@@]2(O)[C@H]3Cc4ccc(O)c5c4[C@@]2(CCN3CC2CC2)[C@H]1O5
Tamsulosin,30.0,oral tamsulosin is 90% absorbed in fasted patients.[label] the area under the curve is 151-199ng/ml\*hr for a 0.4mg oral,CCOc1ccccc1OCCN[C@H](C)Cc1ccc(OC)c(S(N)(=O)=O)c1
Sufentanil,52.0,"bioavailability of a single sublingual tablet was 52%, decreasing to 35% with repeat dosing [a39629].

after epidural ",CCC(=O)N(c1ccccc1)C1(COC)CCN(CCc2cccs2)CC1
Lamivudine,86.0,lamivudine was rapidly absorbed after oral administration in hiv-infected patients. absolute bioavailability in 12 adult,Nc1ccn([C@@H]2CS[C@H](CO)O2)c(=O)n1
Paroxetine,60.0,"paroxetine is readily absorbed from the gastrointestinal tract. due to the first-pass metabolism, the bioavailability ra",Fc1ccc([C@@H]2CCNC[C@H]2COc2ccc3c(c2)OCO3)cc1
Norethisterone,64.0,the c<sub>max</sub> of norethisterone following oral administration of a single dose ranges from 5.39 to 7.36 ng/ml with,C#C[C@]1(O)CC[C@H]2[C@@H]3CCC4=CC(=O)CC[C@@H]4[C@H]3CC[C@@]21C
Adefovir dipivoxil,59.0,the approximate oral bioavailability of adefovir from hepsera is 59%. when a single oral 10 mg dose is given to chronic ,CC(C)(C)C(=O)OCOP(=O)(COCCn1cnc2c(N)ncnc21)OCOC(=O)C(C)(C)C
Clodronic acid,2.0,oral clodronic acid has a bioavailability of 1-2%.[a203378] a 200mg intravenous dose reaches a c<sub>max</sub> of 16.1mg,O=P(O)(O)C(Cl)(Cl)P(=O)(O)O
Nitroglycerin,40.0,nitroglycerin is rapidly absorbed and is often used in emergency situations for this reason.[a249970] after a sublingual,O=[N+]([O-])OCC(CO[N+](=O)[O-])O[N+](=O)[O-]
Nateglinide,73.0,"rapidly absorbed following oral administration prior to a meal, absolute bioavailability is estimated to be approximatel",CC(C)[C@H]1CC[C@H](C(=O)N[C@H](Cc2ccccc2)C(=O)O)CC1
Risperidone,70.0,well absorbed. the absolute oral bioavailability of risperidone is 70% (cv=25%). the relative oral bioavailability of ri,Cc1nc2n(c(=O)c1CCN1CCC(c3noc4cc(F)ccc34)CC1)CCCC2
Esomeprazole,90.0,"after oral administration, peak plasma levels (cmax) occur at approximately 1.5 hours (tmax). the cmax increases proport",COc1ccc2[nH]c([S@@](=O)Cc3ncc(C)c(OC)c3C)nc2c1
Riluzole,60.0,"riluzole is well-absorbed (approximately 90%), with average absolute oral bioavailability of about 60% (cv=30%). a high ",Nc1nc2ccc(OC(F)(F)F)cc2s1
Scopolamine,1.0,the pharmacokinetics of scopolamine differ substantially between different dosage routes. oral administration of 0.5 mg ,CN1[C@@H]2C[C@@H](OC(=O)[C@H](CO)c3ccccc3)C[C@H]1[C@@H]1O[C@@H]12
Epinastine,40.0,the absolute bioavailability of epinastine is about 40%.,NC1=NCC2c3ccccc3Cc3ccccc3N12
Tretinoin,50.0,tretinoin applied topically is expected to remain on the stratum corneum and undergo minimal systemic absorption.[a25768,CC1=C(/C=C/C(C)=C/C=C/C(C)=C/C(=O)O)C(C)(C)CCC1
Tetracycline,40.0,"bioavailability is less than 40% when administered via intramuscular injection, 100% intravenously, and 60-80% orally (f",CN(C)[C@@H]1C(O)=C(C(N)=O)C(=O)[C@@]2(O)C(O)=C3C(=O)c4c(O)cccc4[C@@](C)(O)[C@H]3C[C@@H]12
Clavulanic acid,64.0,"clavulanic acid, when taken orally, is well absorbed in the gastrointestinal tract.  after administration of radiolabele",O=C(O)[C@H]1/C(=C/CO)O[C@@H]2CC(=O)N21
Etoposide,50.0,"absorbed well, time to peak plasma concentration is 1-1.5 hrs. mean bioavailability is 50% (range of 25% - 75%). cmax an",COc1cc([C@@H]2c3cc4c(cc3[C@@H](O[C@@H]3O[C@@H]5CO[C@@H](C)O[C@H]5[C@H](O)[C@H]3O)[C@H]3COC(=O)[C@H]23)OCO4)cc(OC)c1O
Nalidixic acid,96.0,"following oral administration, nalidixic acid is rapidly absorbed from the gastrointestinal tract. bioavailability is ap",CCn1cc(C(=O)O)c(=O)c2ccc(C)nc21
Acyclovir,20.0,the oral bioavailability of acyclovir is 10-20% but decreases with increasing doses.[l7315] acyclovir ointment is <0.02-,Nc1nc(=O)c2ncn(COCCO)c2[nH]1
Perindopril,20.0,rapidly absorbed with peak plasma concentrations occurring approximately 1 hour after oral administration. bioavailabili,CCC[C@H](N[C@@H](C)C(=O)N1[C@H](C(=O)O)C[C@@H]2CCCC[C@@H]21)C(=O)OCC
Pentoxifylline,30.0,oral pentoxifylline (ptx) is almost completely absorbed but has low bioavailability of 20-30% due to extensive first-pas,CC(=O)CCCCn1c(=O)c2c(ncn2C)n(C)c1=O
Ribavirin,64.0,ribavirin is reported to be rapidly and extensively absorbed following oral administration. the average time to reach cm,NC(=O)c1ncn([C@@H]2O[C@H](CO)[C@@H](O)[C@H]2O)n1
Meloxicam,89.0,the absolute bioavailability oral capsules after a dose was 89% in one pharmacokinetic study. cmax was reached 5–6 hours,Cc1cnc(NC(=O)C2=C(O)c3ccccc3S(=O)(=O)N2C)s1
Orciprenaline,40.0,3% (oral bioavailability of 40%),CC(C)NCC(O)c1cc(O)cc(O)c1
Fosfomycin,58.0,"fosfomycin is a low molecular weight and hydrophilic drug. when administered orally, fosfomycin is rapidly absorbed in t",C[C@@H]1O[C@@H]1P(=O)(O)O
Mifepristone,69.0,the absolute bioavailability of a 20 mg oral dose is 69%,CC#C[C@]1(O)CC[C@H]2[C@@H]3CCC4=CC(=O)CCC4=C3[C@@H](c3ccc(N(C)C)cc3)C[C@@]21C
Loperamide,1.0,"loperamide is well absorbed from the gastrointestinal tract; however, it undergoes extensive first-pass metabolism to fo",CN(C)C(=O)C(CCN1CCC(O)(c2ccc(Cl)cc2)CC1)(c1ccccc1)c1ccccc1
Progabide,60.0,well absorbed with a bioavailability of 60%,N=C(O)CCCN=C(c1ccc(Cl)cc1)c1cc(F)ccc1O
Donepezil,100.0,donepezil is slowly absorbed via the gastrointestinal tract after oral administration. tmax is 3 to 4 hours with a bioav,COc1cc2c(cc1OC)C(=O)C(CC1CCN(Cc3ccccc3)CC1)C2
Nalbuphine,81.0,"the mean absolute bioavailability was 81% and 83% for the 10 and 20 mg intramuscular doses, respectively, and 79% and 76",Oc1ccc2c3c1O[C@H]1[C@@H](O)CC[C@@]4(O)[C@@H](C2)N(CC2CCC2)CC[C@]314
Perphenazine,40.0,absolute bioavailability is 40% following oral administration.,OCCN1CCN(CCCN2c3ccccc3Sc3ccc(Cl)cc32)CC1
Aminolevulinic acid,60.0,"oral bioavailability is 50-60%.
### **topical gel**
pharmacokinetics (pk) of aminolevulinic acid (ala) and ppix was ev",NCC(=O)CCC(=O)O
Diflunisal,90.0,"rapidly and completely absorbed following oral administration, with a bioavailability of 80-90%. peak plasma concentrati",O=C(O)c1cc(-c2ccc(F)cc2F)ccc1O
Vardenafil,15.0,"over the recommended dose range, vardenafil has a dose-proportional pharmacokinetics profile. in healthy male volunteers",CCCc1nc(C)c2c(=O)nc(-c3cc(S(=O)(=O)N4CCN(CC)CC4)ccc3OCC)[nH]n12
Ranitidine,50.0,"ranitidine is rapidly absorbed with peak concentrations reached within 1-3 hours after administration, and varying great",CNC(=C[N+](=O)[O-])NCCSCc1ccc(CN(C)C)o1
Terbutaline,15.0,"a 0.5 mg subcutaneous dose of terbutaline reaches a mean c<sub>max</sub> of 9.6 ± ng/ml, with a median t<sub>max</sub> o",CC(C)(C)NCC(O)c1cc(O)cc(O)c1
Flupentixol,40.0,"following oral administration, flupentixol is readily absorbed from the gastrointestinal tract, with oral bioavailabilit",OCCN1CCN(CC/C=C2/c3ccccc3Sc3ccc(C(F)(F)F)cc32)CC1
Emtricitabine,93.0,"emtricitabine reaches a c<sub>max</sub> of 1.8±0.7µg/ml with a t<sub>max</sub> of 1-2 hours, and has an auc of 10±3.1µg\",Nc1nc(=O)n([C@@H]2CS[C@H](CO)O2)cc1F
Isosorbide dinitrate,25.0,"absorption of isosorbide dinitrate after oral dosing is nearly complete, but bioavailability is highly variable (10% to ",O=[N+]([O-])O[C@H]1CO[C@H]2[C@@H]1OC[C@H]2O[N+](=O)[O-]
Omapatrilat,20.0,the absolute oral bioavailability of omapatrilat is 20% to 30% and the absorption is not affected by food intake.,O=C(N[C@H]1CCS[C@H]2CCC[C@@H](C(=O)O)N2C1=O)[C@@H](S)Cc1ccccc1
Granisetron,60.0,"absorption of is rapid and complete, though oral bioavailability is reduced to about 60% as a result of first pass metab",CN1[C@@H]2CCC[C@H]1C[C@@H](NC(=O)c1nn(C)c3ccccc13)C2
Triazolam,44.0,bioavailability is 44% (oral) and 53% (sublingual).,Cc1nnc2n1-c1ccc(Cl)cc1C(c1ccccc1Cl)=NC2
Didanosine,40.0,rapidly absorbed (bioavailability 30-40%) with peak plasma concentrations appearing within 0.5 and 1.5 hrs.,O=c1nc[nH]c2c1ncn2[C@H]1CC[C@@H](CO)O1
Quinidine,70.0,"the absolute bioavailability of quinidine sulfate is approximately 70%, but it ranges from 45% to 100%. the less-than-co",C=C[C@H]1CN2CC[C@H]1C[C@@H]2[C@@H](O)c1ccnc2ccc(OC)cc12
Zonisamide,95.0,"between 200 and 400 mg, zonisamide follows a dose-proportional pharmacokinetic profile.[l42530,l42535] at concentrations",NS(=O)(=O)Cc1noc2ccccc12
Repaglinide,56.0,rapidly and completely absorbed following oral administration. peak plasma concentrations are observed within 1 hour (ra,CCOc1cc(CC(=O)N[C@@H](CC(C)C)c2ccccc2N2CCCCC2)ccc1C(=O)O
Metronidazole,90.0,"after the intravenous infusion of a 1.5g dose, peak concentration was reached within 1 hour and was peak level of 30-40 ",Cc1ncc([N+](=O)[O-])n1CCO
Ketotifen,50.0,"following oral administration, absorption is relatively quick (with a t<sub>max</sub> of ~3 hours) and nearly complete a",CN1CCC(=C2c3ccccc3CC(=O)c3sccc32)CC1
Famotidine,50.0,"following oral administration, the absorption of famotidine is dose-dependent and incomplete.[a189474] the oral bioavail",NC(N)=Nc1nc(CSCCC(N)=NS(N)(=O)=O)cs1
Meclofenamic acid,26.0,rapidly absorbed in man following single and multiple oral doses with peak plasma concentrations occurring in 0.5 to 2 h,Cc1ccc(Cl)c(Nc2ccccc2C(=O)O)c1Cl
Zalcitabine,80.0,bioavailability is over 80% following oral administration.,Nc1ccn([C@H]2CC[C@@H](CO)O2)c(=O)n1
Phenprocoumon,100.0,bioavailability is close to 100%,CCC(c1ccccc1)c1c(O)c2ccccc2oc1=O
Fexofenadine,33.0,fexofenadine is rapidly absorbed following oral administration and its absolute bioavailability is approximately 33%.[l1,CC(C)(C(=O)O)c1ccc(C(O)CCCN2CCC(C(O)(c3ccccc3)c3ccccc3)CC2)cc1
Rizatriptan,45.0,"rizatriptan is readily absorbed (approximately 90%) following oral administration;[a1460] however, the mean oral absolut",CN(C)CCc1c[nH]c2ccc(Cn3cncn3)cc12
Dirithromycin,10.0,"oral dirithromycin is rapidly absorbed, with an absolute bioavailability of approximately 10%. dietary fat has little or",CC[C@H]1OC(=O)[C@H](C)[C@@H](O[C@H]2C[C@@](C)(OC)[C@@H](O)[C@H](C)O2)[C@H](C)[C@@H](O[C@@H]2O[C@H](C)C[C@H](N(C)C)[C@H]2O)[C@](C)(O)C[C@@H](C)[C@@H]2N[C@@H](COCCOC)O[C@H]([C@H]2C)[C@]1(C)O
Pindolol,92.0,the mean oral bioavailability of pindolol is 87-92%.[l32388] a 5 mg oral dose reaches a c<sub>max</sub> of 33.1 ± 5.2 ng,CC(C)NCC(O)COc1cccc2[nH]ccc12
Telmisartan,42.0,oral telmisartan follows nonlinear pharmacokinetics over the dose range of 20 mg to 160 mg. both c<sub>max</sub> and auc,CCCc1nc2c(C)cc(-c3nc4ccccc4n3C)cc2n1Cc1ccc(-c2ccccc2C(=O)O)cc1
Methyldopa,25.0,methyldopa is incompletely absorbed from the gastrointestinal tract following oral administration.[a231789] in healthy i,C[C@](N)(Cc1ccc(O)c(O)c1)C(=O)O
Telithromycin,57.0,absolute bioavailability is approximately 57%. maximal concentrations are reached 0.5 - 4 hours following oral administr,CC[C@H]1OC(=O)[C@H](C)C(=O)[C@H](C)[C@@H](O[C@@H]2O[C@H](C)C[C@H](N(C)C)[C@H]2O)[C@](C)(OC)C[C@@H](C)C(=O)[C@H](C)[C@H]2N(CCCCn3cnc(-c4cccnc4)c3)C(=O)O[C@]12C
Formoterol,43.0,"the pulmonary bioavailability of formoterol has been estimated to be about 43% of the delivered dose, while the total sy",COc1ccc(CC(C)NCC(O)c2ccc(O)c(NC=O)c2)cc1
Gabapentin,60.0,absorption of gabapentin is thought to occur solely via facilitated transport by the lat1 transporter within the intesti,NCC1(CC(=O)O)CCCCC1
Hydrochlorothiazide,10.0,"an oral dose of hydrochlorothiazide is 65-75% bioavailable, with a t<sub>max</sub> of 1-5 hours, and a c<sub>max</sub> o",NS(=O)(=O)c1cc2c(cc1Cl)NCNS2(=O)=O
Ganciclovir,5.0,poorly absorbed systemically following oral administration. bioavailability under fasting conditions is approximately 5%,Nc1nc2c(ncn2COC(CO)CO)c(=O)[nH]1
Busulfan,68.0,"completely absorbed from the gastrointestinal tract. busulfan is a small, highly lipophilic molecule that crosses the bl",CS(=O)(=O)OCCCCOS(C)(=O)=O
Sulfamethoxazole,90.0,sulfamethoxazole is rapidly absorbed following oral administration and has a bioavailability of 85-90%.[a179830] the t<s,Cc1cc(NS(=O)(=O)c2ccc(N)cc2)no1
Isosorbide mononitrate,100.0,"upon oral administration, isosorbide mononitrate is rapidly and completely absorbed from the gastrointestinal tract. iso",O=[N+]([O-])O[C@@H]1CO[C@H]2[C@@H]1OC[C@@H]2O
Melphalan,56.0,the absorption of oral melphalan is highly variable concerning both the time to the first appearance of the drug in plas,N[C@@H](Cc1ccc(N(CCCl)CCCl)cc1)C(=O)O
Gatifloxacin,96.0,well absorbed from the gastrointestinal tract after oral administration with absolute bioavailability of gatifloxacin is,COc1c(N2CCNC(C)C2)c(F)cc2c(=O)c(C(=O)O)cn(C3CC3)c12
Cefditoren,14.0,"following oral administration, cefditoren pivoxil is absorbed from the gastrointestinal tract and hydrolyzed to cefditor",CO/N=C(\C(=O)N[C@@H]1C(=O)N2C(C(=O)O)=C(/C=C\c3scnc3C)CS[C@H]12)c1csc(N)n1
Clonazepam,90.0,"clonazepam is rapidly and almost entirely absorbed after oral administration as tablets [fda label] [f3763, f3796]. peak",O=C1CN=C(c2ccccc2Cl)c2cc([N+](=O)[O-])ccc2N1
Fludarabine,55.0,bioavailability is 55% following oral administration.,Nc1nc(F)nc2c1ncn2[C@@H]1O[C@H](CO)[C@@H](O)[C@@H]1O
Atorvastatin,14.0,atorvastatin presents a dose-dependent and non-linear pharmacokinetic profile.[a177436] it is very rapidly absorbed afte,CC(C)c1c(C(=O)Nc2ccccc2)c(-c2ccccc2)c(-c2ccc(F)cc2)n1CC[C@@H](O)C[C@@H](O)CC(=O)O
Etidronic acid,10.0,etidronic acid has an oral bioavailability of 1-10%.[a203357] further data regarding pharmacokinetics of etidronic acid ,CC(O)(P(=O)(O)O)P(=O)(O)O
Tegaserod,10.0,the absolute bioavailability of tegaserod is approximately 10% when administered to fasting subjects. the median time of,CCCCCNC(=N)N/N=C/c1c[nH]c2ccc(OC)cc12
Fluvastatin,24.0,"rapidly and almost completely absorbed (> 90%), but undergoes extensive first pass metabolism. bioavailability is 24% (r",CC(C)n1c(/C=C/C(O)CC(O)CC(=O)O)c(-c2ccc(F)cc2)c2ccccc21
Rosuvastatin,20.0,"in a study of healthy white male volunteers, the absolute oral bioavailability of rosuvastatin was found to be approxima",CC(C)c1nc(N(C)S(C)(=O)=O)nc(-c2ccc(F)cc2)c1/C=C/[C@@H](O)C[C@@H](O)CC(=O)O
Flucytosine,78.0,rapidly and virtually completely absorbed following oral administration. bioavailability 78% to 89%.,Nc1[nH]c(=O)ncc1F
Sibutramine,77.0,"rapid absorption following oral administration. absolute bioavailability is not known, but at least 77% of a single oral",CC(C)CC(N(C)C)C1(c2ccc(Cl)cc2)CCC1
Cefuroxime,37.0,absorbed from the gastrointestinal tract. absorption is greater when taken after food (absolute bioavailability increase,CO/N=C(\C(=O)N[C@@H]1C(=O)N2C(C(=O)O)=C(COC(N)=O)CS[C@H]12)c1ccco1
Atovaquone,47.0,the bioavailability of atovaquone is low and variable and is highly dependent on formulation and diet. bioavailability o,O=C1C(O)=C([C@H]2CC[C@H](c3ccc(Cl)cc3)CC2)C(=O)c2ccccc21
Diazoxide,91.0,"diazoxide is readily absorbed following oral administration; however, its absorption depends on the dissolution rate of ",CC1=NS(=O)(=O)c2cc(Cl)ccc2N1
Dutasteride,60.0,"following oral administration of a single dose of 0.5 mg dutasteride, the peak serum concentrations were reached within ",C[C@]12C=CC(=O)N[C@@H]1CC[C@@H]1[C@@H]2CC[C@]2(C)[C@@H](C(=O)Nc3cc(C(F)(F)F)ccc3C(F)(F)F)CC[C@@H]12
Rabeprazole,52.0,absolute bioavailability is approximately 52%.,COCCCOc1ccnc(CS(=O)c2nc3ccccc3[nH]2)c1C
Tiludronic acid,6.0,"a single 400mg dose of tiludronic acid reaches a c<sub>max</sub> of 3.35±1.07mg/l, with a t<sub>max</sub> of 1.7—0.9h, a",O=P(O)(O)C(Sc1ccc(Cl)cc1)P(=O)(O)O
Carvedilol,35.0,"carvedilol has a bioavailability of 25-35%.[a182306,l7889,l7892] carvedilol has a t<sub>max</sub> of 1 to 2 hours.[a1823",COc1ccccc1OCCNCC(O)COc1cccc2[nH]c3ccccc3c12
Levofloxacin,99.0,"absorption of levofloxacin following oral administration is rapid and essentially complete, with an oral bioavailability",C[C@H]1COc2c(N3CCN(C)CC3)c(F)cc3c(=O)c(C(=O)O)cn1c23
Doxepin,30.0,doxepin is moderately absorbed following oral ingestion with a bioavailability of 30%.[t388] the median peak concentrati,CN(C)CCC=C1c2ccccc2COc2ccccc21
Nefazodone,20.0,nefazodone is rapidly and completely absorbed. its absolute bioavailability is low (about 20%).,CCc1nn(CCCN2CCN(c3cccc(Cl)c3)CC2)c(=O)n1CCOc1ccccc1
Cefprozil,95.0,oral bioavailability is approximately 95%.,CC=CC1=C(C(=O)O)N2C(=O)[C@@H](NC(=O)[C@H](N)c3ccc(O)cc3)[C@H]2SC1
Gemifloxacin,71.0,rapidly absorbed from the gastrointestinal tract. the absolute bioavailability averages approximately 71%.,CO/N=C1\CN(c2nc3c(cc2F)c(=O)c(C(=O)O)cn3C2CC2)CC1CN
Ofloxacin,98.0,bioavailability of ofloxacin in the tablet formulation is approximately 98%,CC1COc2c(N3CCN(C)CC3)c(F)cc3c(=O)c(C(=O)O)cn1c23
Itraconazole,55.0,"itraconazole is rapidly absorbed after oral administration. as oral capsules, peak plasma concentrations of itraconazole",CCC(C)n1ncn(-c2ccc(N3CCN(c4ccc(OC[C@H]5CO[C@](Cn6cncn6)(c6ccc(Cl)cc6Cl)O5)cc4)CC3)cc2)c1=O
Moclobemide,56.0,well absorbed from the gastrointestinal tract (> 95%). the presence of food reduces the rate but not the extent of absor,O=C(NCCN1CCOCC1)c1ccc(Cl)cc1
Escitalopram,80.0,"absorption of escitalopram following oral administration is expected to be almost complete, with an estimated absolute b",CN(C)CCC[C@@]1(c2ccc(F)cc2)OCc2cc(C#N)ccc21
Propafenone,3.4,"nearly completely absorbed following oral administration (90%). systemic bioavailability ranges from 5 to 50%, due to si",CCCNCC(O)COc1ccccc1C(=O)CCc1ccccc1
Clindamycin,90.0,"oral bioavailability is nearly complete, at approximately 90%, and peak serum concentrations (c<sub>max</sub>) of, on av",CCC[C@@H]1C[C@@H](C(=O)N[C@@H]([C@H]2O[C@H](SC)[C@H](O)[C@@H](O)[C@H]2O)[C@H](C)Cl)N(C)C1
Acebutolol,40.0,well absorbed from the gl tract with an absolute bioavailability of approximately 40% for the parent compound.,CCCC(=O)Nc1ccc(OCC(O)CNC(C)C)c(C(C)=O)c1
Levetiracetam,100.0,"levetiracetam is rapidly and nearly completely absorbed following oral administration, with a reported absolute oral bio",CC[C@@H](C(N)=O)N1CCCC1=O
Sparfloxacin,92.0,well absorbed following oral administration with an absolute oral bioavailability of 92%. unaffected by administration w,C[C@@H]1CN(c2c(F)c(N)c3c(=O)c(C(=O)O)cn(C4CC4)c3c2F)C[C@H](C)N1
Finasteride,65.0,finasteride is well absorbed following oral administration [t28] and displays a slow accumulation phase after multiple d,CC(C)(C)NC(=O)[C@H]1CC[C@H]2[C@@H]3CC[C@H]4NC(=O)C=C[C@]4(C)[C@H]3CC[C@]12C
Dantrolene,70.0,bioavailability is 70%.,O=C1CN(/N=C/c2ccc(-c3ccc([N+](=O)[O-])cc3)o2)C(=O)N1
Ketamine,93.0,"ketamine absorption is very rapid and the bioavailability is around 93%. after the first pass metabolism, only 17% of th",CNC1(c2ccccc2Cl)CCCCC1=O
Saquinavir,4.0,"the absolute bioavailability of orally administered saquinavir is only ~4%,[l3450] thought to be a consequence of incomp",CC(C)(C)NC(=O)[C@@H]1C[C@@H]2CCCC[C@@H]2CN1C[C@@H](O)[C@H](Cc1ccccc1)NC(=O)[C@H](CC(N)=O)NC(=O)c1ccc2ccccc2n1
Metoclopramide,40.7,metoclopramide is rapidly absorbed in the gastrointestinal tract with an absorption rate of about 84%.[a184886] the bioa,CCN(CC)CCNC(=O)c1cc(Cl)c(N)cc1OC
Levodopa,70.0,orally inhaled levodopa reaches a peak concentration in 0.5 hours with a bioavailability than is 70% that of the immedia,N[C@@H](Cc1ccc(O)c(O)c1)C(=O)O
Aripiprazole,87.0,"tablet: aripiprazole is well absorbed after administration of the tablet, with peak plasma concentrations occurring with",O=C1CCc2ccc(OCCCCN3CCN(c4cccc(Cl)c4Cl)CC3)cc2N1
Clomipramine,50.0,well absorbed from the gi tract following oral administration. bioavailability is approximately 50% orally due to extens,CN(C)CCCN1c2ccccc2CCc2ccc(Cl)cc21
Olsalazine,5.0,"after oral administration, olsalazine has limited systemic bioavailability, with less than 5% of the oral dose being abs",O=C(O)c1cc(/N=N/c2ccc(O)c(C(=O)O)c2)ccc1O
Carbetocin,80.0,bioavailability is 80% following intramuscular injection.,CC[C@H](C)[C@@H]1NC(=O)[C@H](Cc2ccc(OC)cc2)NC(=O)CCCSC[C@@H](C(=O)N2CCC[C@H]2C(=O)N[C@@H](CC(C)C)C(=O)NCC(N)=O)NC(=O)[C@H](CC(N)=O)NC(=O)[C@H](CCC(N)=O)NC1=O
Glucosamine,44.0,"in a pharmacokinetic study, glucosamine was 88.7% absorption by the gastrointestinal tract.  absolute oral bioavailabili",N[C@H]1C(O)O[C@H](CO)[C@@H](O)[C@@H]1O
Spirapril,50.0,bioavailability is 50% following oral administration.,CCOC(=O)[C@H](CCc1ccccc1)N[C@@H](C)C(=O)N1CC2(C[C@H]1C(=O)O)SCCS2
Ephedrine,88.0,"oral ephedrine reaches an average c<sub>max</sub> of 79.5ng/ml, with a t<sub>max</sub> of 1.81h, and a bioavailability o",CN[C@@H](C)[C@H](O)c1ccccc1
Rasagiline,36.0,rasagiline is rapidly absorbed following oral administration.  the absolute bioavailability of rasagiline is about 36%.,C#CCN[C@@H]1CCc2ccccc21
Mibefradil,70.0,"bioavailability after a single dose is 70%. after multiple dosing, the proportion of mibefradil undergoing first-pass me",COCC(=O)O[C@]1(CCN(C)CCCc2nc3ccccc3[nH]2)CCc2cc(F)ccc2[C@@H]1C(C)C
Colchicine,45.0,colchicine is rapidly absorbed after oral administration from the gastrointestinal tract.[l8138] the bioavailability of ,COc1cc2c(c(OC)c1OC)-c1ccc(OC)c(=O)cc1[C@@H](NC(C)=O)CC2
Drospirenone,76.0,"the absolute bioavailability of drospirenone is approximately 76% due to first-pass effects.[a182591,l7973] the maximum ",C[C@]12CCC(=O)C=C1[C@@H]1C[C@@H]1[C@H]1[C@@H]3[C@@H]4C[C@@H]4[C@@]4(CCC(=O)O4)[C@@]3(C)CC[C@@H]12
Methotrimeprazine,60.0,"methotrimeprazine has an incomplete oral bioavailability, because it undergoes considerable first-pass-metabolism in the",COc1ccc2c(c1)N(C[C@H](C)CN(C)C)c1ccccc1S2
Temafloxacin,90.0,"studies in healthy volunteers indicate that the average bioavailability of temafloxacin exceeds 90%, with little intersu",CC1CN(c2cc3c(cc2F)c(=O)c(C(=O)O)cn3-c2ccc(F)cc2F)CCN1
Bambuterol,20.0,bioavailability is 20% following oral administration.,CN(C)C(=O)Oc1cc(OC(=O)N(C)C)cc(C(O)CNC(C)(C)C)c1
Tiotropium,3.0,"33% of an inhaled solution reaches systemic circulation, while oral solutions have a bioavailability of 2-3%.[a180163,l7",C[N+]1(C)[C@@H]2C[C@@H](OC(=O)C(O)(c3cccs3)c3cccs3)C[C@H]1[C@@H]1O[C@@H]12
Ciclesonide,1.0,ciclesonide and des-ciclesonide have negligible oral bioavailability (both less than 1%) due to low gastrointestinal abs,CC(C)C(=O)OCC(=O)[C@@]12O[C@H](C3CCCCC3)O[C@@H]1C[C@H]1[C@@H]3CCC4=CC(=O)C=C[C@]4(C)[C@H]3[C@@H](O)C[C@@]12C
Diamorphine,35.0,"bioavailability is less than 35% when orally administered [a173668]. in particular, some studies have determined that th",CC(=O)Oc1ccc2c3c1O[C@H]1[C@@H](OC(C)=O)C=C[C@H]4[C@@H](C2)N(C)CC[C@@]341
Dihydrocodeine,20.0,bioavailability is low (approximately 20%) if administered orally. this may be due to poor gastrointestinal absorption. ,COc1ccc2c3c1O[C@H]1[C@@H](O)CC[C@H]4[C@@H](C2)N(C)CC[C@@]341
Bromazepam,84.0,bioavailability is 84% following oral administration. the time to peak plasma level is 1 - 4 hours. bromazepam is genera,O=C1CN=C(c2ccccn2)c2cc(Br)ccc2N1
Oxprenolol,70.0,oral bioavailability is 20-70%.,C=CCOc1ccccc1OCC(O)CNC(C)C
Solifenacin,88.0,"solifenacin is well absorbed in the duodenum, jejunum, and ileum but not the stomach.[a181247] absorption occurs via pas",O=C(O[C@H]1CN2CCC1CC2)N1CCc2ccccc2[C@@H]1c1ccccc1
Nitrazepam,94.0,bioavailability is 53-94% following oral administration.,O=C1CN=C(c2ccccc2)c2cc([N+](=O)[O-])ccc2N1
Imipenem,89.0,imipenem is not effectively absorbed from the gastrointestinal tract and therefore must be administered parenterally. th,C[C@@H](O)[C@H]1C(=O)N2C(C(=O)O)=C(SCC/N=C/N)C[C@H]12
Tiaprofenic acid,90.0,bioavailability is 90% following oral administration.,CC(C(=O)O)c1ccc(C(=O)c2ccccc2)s1
Lopinavir,25.0,"when administered alone, lopinavir has exceptionally low oral bioavailability (~25%) - for this reason, it is exclusivel",Cc1cccc(C)c1OCC(=O)N[C@@H](Cc1ccccc1)[C@@H](O)C[C@H](Cc1ccccc1)NC(=O)[C@H](C(C)C)N1CCCNC1=O
Deferasirox,70.0,the absolute bioavailability (auc) of deferasirox tablets for oral suspension is 70% compared to an intravenous dose.,O=C(O)c1ccc(-n2nc(-c3ccccc3O)nc2-c2ccccc2O)cc1
Etoricoxib,100.0,bioavailability is 100% following oral administration.,Cc1ccc(-c2ncc(Cl)cc2-c2ccc(S(C)(=O)=O)cc2)cn1
Roflumilast,80.0,"after a 500mcg dose, the bioavailability of roflumilast is about 80%.[l37564] in the fasted state, maximum plasma concen",O=C(Nc1c(Cl)cncc1Cl)c1ccc(OC(F)F)c(OCC2CC2)c1
Topiroxostat,69.6,the time to reach peak plasma concentration of 229.9 ng/ml was 0.67 hour following a single oral dose of 20mg topiroxost,N#Cc1cc(-c2n[nH]c(-c3ccncc3)n2)ccn1
Stanolone,2.0,bioavailability is very low (0-2%) following oral administration.,C[C@]12CCC(=O)C[C@@H]1CC[C@@H]1[C@@H]2CC[C@]2(C)[C@@H](O)CC[C@@H]12
Tiratricol,6.0,the absorption of tiratricol following oral dosing is rapid with a median t<sub>max</sub> of 0.5 hours following the dos,O=C(O)Cc1cc(I)c(Oc2ccc(O)c(I)c2)c(I)c1
Metamizole,85.0,metamizole is hydrolyzed to 4-methyl-amino-antipyrine (maa) in gastric juice and is mostly absorbed in this form. maa bi,Cc1c(N(C)CS(=O)(=O)O)c(=O)n(-c2ccccc2)n1C
Maraviroc,23.0,the absolute oral bioavailability of a 100 mg dose is 23% and is predicted to be 33% at 300 mg. coadministration of a 30,Cc1nnc(C(C)C)n1[C@@H]1C[C@H]2CC[C@@H](C1)N2CC[C@H](NC(=O)C1CCC(F)(F)CC1)c1ccccc1
Dronedarone,4.0,dronedarone is well absorbed after oral administration (>70%).[a34604] it displays low systemic bioavailability due to e,CCCCc1oc2ccc(NS(C)(=O)=O)cc2c1C(=O)c1ccc(OCCCN(CCCC)CCCC)cc1
Dexloxiglumide,48.0,rapidly and extensively absorbed after single oral administration in humans with an absolute bioavailability of 48%. the,CCCCCN(CCCOC)C(=O)[C@@H](CCC(=O)O)NC(=O)c1ccc(Cl)c(Cl)c1
Nebivolol,96.0,the absorption of nebivolol is not affected by food.[l7985] nebivolol has a t<sub>max</sub> of 1.5-4 hours.[l7985] bioav,OC(CNCC(O)C1CCc2cc(F)ccc2O1)C1CCc2cc(F)ccc2O1
Vildagliptin,85.0,"in a fasting state, vildagliptin is rapidly absorbed following oral administration. peak plasma concentrations are obser",N#C[C@@H]1CCCN1C(=O)CNC12CC3CC(CC(O)(C3)C1)C2
Cilansetron,80.0,rapidly absorbed orally with a bioavailability of greater than 80% in rats.,Cc1nccn1C[C@H]1CCc2c(c3cccc4c3n2CCC4)C1=O
Brecanavir,30.0,"brecanavir, a cyp3a4 substrate, demonstrated low oral bioavailability in animals (0 to 30%), which increased to 60 to 10",Cc1nc(COc2ccc(C[C@H](NC(=O)O[C@H]3CO[C@H]4OCC[C@H]43)[C@H](O)CN(CC(C)C)S(=O)(=O)c3ccc4c(c3)OCO4)cc2)cs1
Milnacipran,90.0,racemic milnacipram demonstrates an absolute bioavailability of about 85-90% following oral administration [f3925]. maxi,CCN(CC)C(=O)C1(c2ccccc2)CC1CN
Ximelagatran,20.0,rapidly absorbed by the small intestine with an oral bioavailability of 20%.,CCOC(=O)CN[C@@H](C(=O)N1CC[C@H]1C(=O)NCc1ccc(/C(N)=N/O)cc1)C1CCCCC1
Ceftobiprole,100.0,"because ceftobiprole medocaril is administered intravenously, its bioavailability is 100%.[l50472] the mean c<sub>max</s",Nc1nc(/C(=N/O)C(=O)N[C@@H]2C(=O)N3C(C(=O)O)=C(/C=C4\CCN([C@@H]5CCNC5)C4=O)CS[C@H]23)ns1
Iloperidone,36.0,iloperidone is well-absorbed following oral administration.[l50527] oral bioavailability is approximately 36% in humans.,COc1cc(C(C)=O)ccc1OCCCN1CCC(c2noc3cc(F)ccc23)CC1
Ezogabine,60.0,"rapidly absorbed and distributed, with an absolute oral bioavailability of 60%. pharmacokinetics of ezogabine suggest fi",CCOC(=O)Nc1ccc(NCc2ccc(F)cc2)cc1N
Lesopitron,10.0,"rapidly absorbed in patients, having a time to maximum concentration (tmax) ranging from 0.5 to 1 hour. the absolute bio",Clc1cnn(CCCCN2CCN(c3ncccn3)CC2)c1
Pracinostat,34.0,oral bioavailability in mice is 34%.,CCCCc1nc2cc(/C=C/C(=O)NO)ccc2n1CCN(CC)CC
Beraprost,70.0,oral bioavailability is 50–70%.,CC#CCC(C)[C@H](O)/C=C/[C@@H]1[C@H]2c3cccc(CCCC(=O)O)c3O[C@H]2C[C@H]1O
Cobimetinib,46.0,"following oral dosing of 60 mg once daily in cancer patients, the median time to achieve peak plasma levels (t<sub>max</",O=C(c1ccc(F)c(F)c1Nc1ccc(I)cc1F)N1CC(O)([C@@H]2CCCCN2)C1
Rotigotine,46.0,bioavailability varies depending on the application site. differences in bioavailability were very small between the abd,CCCN(CCc1cccs1)[C@H]1CCc2c(O)cccc2C1
Apremilast,73.0,an oral dose of apremilast is well-absorbed and the absolute bioavailability is approximately 73%. tmax is approximately,CCOc1cc([C@@H](CS(C)(=O)=O)N2C(=O)c3cccc(NC(C)=O)c3C2=O)ccc1OC
GTS-21,23.0,"rapidly and extensively absorbed after oral administration.  in rat, gts-21 showed linear pharmacokinetics over doses ra",COc1ccc(/C=C2\CCCN=C2c2cccnc2)c(OC)c1
Seletracetam,90.0,"seletracetam is rapidly absorbed following oral administration, reaching the cmax within 1 hour and displaying oral bioa",CC[C@@H](C(N)=O)N1C[C@H](C=C(F)F)CC1=O
Spiramycin,39.0,"the extent of absorption of spiramycin was shown to be incomplete. oral bioavailability ranges from 30-39%. 
spiramycin",CO[C@@H]1[C@@H](O[C@@H]2O[C@H](C)[C@@H](O[C@H]3C[C@@](C)(O)[C@@H](O)[C@H](C)O3)[C@H](N(C)C)[C@H]2O)[C@@H](CC=O)C[C@@H](C)[C@@H](O[C@H]2CC[C@H](N(C)C)[C@@H](C)O2)/C=C/C=C/C[C@@H](C)OC(=O)C[C@H]1O
Pizotifen,78.0,the absorption half-life of pizotifen following oral administration is 0.5 to 0.8 hours in an adult male with nearly com,CN1CCC(=C2c3ccccc3CCc3sccc32)CC1
Rufinamide,70.0,the oral suspension and tablet are bioequivalent on a mg per mg basis. rufinamide is well absorbed but the rate is slow ,NC(=O)c1cn(Cc2c(F)cccc2F)nn1
Lasofoxifene,62.0,peak plasma concentrations (cmax) were reached in about 6.0 to 7.3 hours [a19181]. displays higher oral bioavailability ,Oc1ccc2c(c1)CC[C@H](c1ccccc1)[C@@H]2c1ccc(OCCN2CCCC2)cc1
Alogliptin,100.0,the pharmacokinetics of nesina was also shown to be similar in healthy subjects and in patients with type 2 diabetes. wh,Cn1c(=O)cc(N2CCC[C@@H](N)C2)n(Cc2ccccc2C#N)c1=O
Silodosin,32.0,the absolute bioavailability is approximately 32%. following oral administration of silodosin 8 mg once daily in healthy,C[C@H](Cc1cc2c(c(C(N)=O)c1)N(CCCO)CC2)NCCOc1ccccc1OCC(F)(F)F
Asenapine,35.0,"cmax, single 5 mg dose = 4 ng/ml (within 1 hour);
bioavailability, sublingual administration = 35%; 
bioavailability, ",CN1CC2c3ccccc3Oc3ccc(Cl)cc3C2C1
Lacosamide,100.0,lacosamide is completely absorbed after oral administration with negligible first-pass effect. it has a high absolute bi,COC[C@@H](NC(C)=O)C(=O)NCc1ccccc1
Rivaroxaban,80.0,"following oral administration, rivaroxaban is rapidly absorbed and reaches peak plasma concentration in 2-4 hours. bioav",O=C(NC[C@H]1CN(c2ccc(N3CCOCC3=O)cc2)C(=O)O1)c1ccc(Cl)s1
Nalmefene,41.0,nalmefene is rapidly absorbed after a single oral administration of 18.06 mg with an absolute oral bioavailability of 41,C=C1CC[C@@]2(O)[C@H]3Cc4ccc(O)c5c4[C@@]2(CCN3CC2CC2)[C@H]1O5
Hexaminolevulinate,5.0,absolute bioavailability 7% (90% confidence interval [ci]: 5%-10%),CCCCCCOC(=O)CCC(=O)CN
Droxidopa,90.0,oral bioavailability is 90%.,N[C@H](C(=O)O)[C@H](O)c1ccc(O)c(O)c1
Alvimopan,7.0,alvimopan's high affinity for the peripheral mu-receptor leads to slower absorption dependent on dissociation from the r,C[C@H]1CN(C[C@H](Cc2ccccc2)C(=O)NCC(=O)O)CC[C@@]1(C)c1cccc(O)c1
Amisulpride,48.0,"following oral administration, amisulpride is rapidly absorbed with absolute bioavailability of 48%.[a6751] amisulpride ",CCN1CCCC1CNC(=O)c1cc(S(=O)(=O)CC)c(N)cc1OC
Elacestrant,10.0,"with the recommended dosage of 345 mg once daily, elacestrant has a steady-state c<sub>max</sub> of 119 ng/ml and an auc",CCNCCc1ccc(CN(CC)c2cc(OC)ccc2[C@@H]2CCc3cc(O)ccc3C2)cc1
Bazedoxifene,6.0,bazedoxifene is rapidly absorbed with a tmax of approximately 2 hours and exhibits a linear increase in plasma concentra,Cc1c(-c2ccc(O)cc2)n(Cc2ccc(OCCN3CCCCCC3)cc2)c2ccc(O)cc12
Prucalopride,90.0,prucalopride is well absorbed and it reaches maximum plasma concentration of 3.79ng/ml with a tmax of 2.77 hours after i,COCCCN1CCC(NC(=O)c2cc(Cl)c(N)c3c2OCC3)CC1
Pazopanib,21.0,"absorption of pazopanib in cancer patients is slow and incomplete. in patients with solid tumour, over a dose range of 5",Cc1ccc(Nc2nccc(N(C)c3ccc4c(C)n(C)nc4c3)n2)cc1S(N)(=O)=O
Agomelatine,5.0,bioavailability is less than 5%.,COc1ccc2cccc(CCNC(C)=O)c2c1
Bosutinib,34.0,bosutinib exhibits dose-proportional increases in c<sub>max</sub> and auc over the oral dose range of 200 to 800 mg (0.3,COc1cc(Nc2c(C#N)cnc3cc(OCCCN4CCN(C)CC4)c(OC)cc23)c(Cl)cc1Cl
Flupirtine,90.0,"bioavailability: 90% (oral), 70% (rectal)",CCOC(=O)Nc1ccc(NCc2ccc(F)cc2)nc1N
Safinamide,95.0,"rapid with peak plasma concentrations ranging from 2 to 4 h, total bioavailability is 95%. food prolonged the rate and d",C[C@H](NCc1ccc(OCc2cccc(F)c2)cc1)C(N)=O
Odanacatib,49.0,tmax of 2-6h [a19389]. the absolute bioavailabilities observed with 30mg and 50 mg doses are 70% and 30% respectively. w,CC(C)(F)C[C@H](N[C@@H](c1ccc(-c2ccc(S(C)(=O)=O)cc2)cc1)C(F)(F)F)C(=O)NC1(C#N)CC1
Vilazodone,72.0,"vilazodone's bioavailability is 72% when taken with food[label,a38477].",N#Cc1ccc2[nH]cc(CCCCN3CCN(c4ccc5oc(C(N)=O)cc5c4)CC3)c2c1
Dabigatran etexilate,37.0,"oral dabigatran has a bioavailability of 3-7%, although the relative bioavailability of dabigatran pellets is 37% higher",CCCCCCOC(=O)/N=C(/N)c1ccc(NCc2nc3cc(C(=O)N(CCC(=O)OCC)c4ccccn4)ccc3n2C)cc1
Desvenlafaxine,80.0,the absolute oral bioavailability of desvenlafaxine after oral administration is about 80%.[l47936] the time to reach ma,CN(C)CC(c1ccc(O)cc1)C1(O)CCCCC1
Dexmethylphenidate,23.0,taking dexmethylphenidate with or without food does not affect patients in a clinically relevant way[a177187]. 90% of an,COC(=O)[C@H](c1ccccc1)[C@H]1CCCCN1
Fesoterodine,52.0,"tmax (5-hmt): 5 hours post-adminitration of fesoterodine. 
auc (0,∞)= 49.5 ng·h/ ml  
bioavailability, 5-hmt = 52%",CC(C)C(=O)Oc1ccc(CO)cc1[C@H](CCN(C(C)C)C(C)C)c1ccccc1
Ganirelix,91.0,ganirelix is rapidly absorbed following subcutaneous administration with a mean absolute bioavailability of approximatel,CCNC(=NCCCC[C@H](NC(=O)[C@H](CC(C)C)NC(=O)[C@@H](CCCCN=C(NCC)NCC)NC(=O)[C@H](Cc1ccc(O)cc1)NC(=O)[C@H](CO)NC(=O)[C@@H](Cc1cccnc1)NC(=O)[C@@H](Cc1ccc(Cl)cc1)NC(=O)[C@@H](Cc1ccc2ccccc2c1)NC(C)=O)C(=O)N1CCC[C@H]1C(=O)N[C@H](C)C(N)=O)NCC
Triethylenetetramine,6.0,teta is poorly absorbed from the gastrointestinal tract with an oral bioavailability ranging from 6% to 18%.[a18803] tet,NCCNCCNCCN
Diloxanide,90.0,"bioavailability is 90% (in diloxanide parental form), however diloxanide furoate is slowly absorbed from the gastrointes",CN(C(=O)C(Cl)Cl)c1ccc(O)cc1
Triflusal,83.0,absorbed in the small intestine with a bioavailability range from 83% to 100%. there is no significant difference betwee,CC(=O)Oc1cc(C(F)(F)F)ccc1C(=O)O
Lurasidone,19.0,"lurasidone is readily absorbed and quickly reaches maximal concentrations (cmax) within 1-4 hours. when taken with food,",O=C1[C@@H]2[C@H]3CC[C@H](C3)[C@@H]2C(=O)N1C[C@@H]1CCCC[C@H]1CN1CCN(c2nsc3ccccc23)CC1
Lomitapide,7.0,"in healthy patients, time to maximum lomitapide concentration is about 6 hours with a single dose of 60 mg. lomitapide h",O=C(NC1CCN(CCCCC2(C(=O)NCC(F)(F)F)c3ccccc3-c3ccccc32)CC1)c1ccccc1-c1ccc(C(F)(F)F)cc1
Vismodegib,31.8,"vismodegib appears to have a nonlinear pharmacokinetic profile following daily oral dosing, and steady state is achieved",CS(=O)(=O)c1ccc(C(=O)Nc2ccc(Cl)c(-c3ccccn3)c2)c(Cl)c1
Pitavastatin,51.0,pitavastatin peak plasma concentrations are achieved about 1 hour after oral administration. both c<sub>max</sub> and au,O=C(O)C[C@H](O)C[C@H](O)/C=C/c1c(C2CC2)nc2ccccc2c1-c1ccc(F)cc1
Crizotinib,43.0,"in patients with pancreatic, colorectal, sarcoma, anaplastic large-cell lymphoma and non-small cell lung cancer (nsclc) ",C[C@@H](Oc1cc(-c2cnn(C3CCNCC3)c2)cnc1N)c1c(Cl)ccc(F)c1Cl
Fingolimod,93.0,"fingolimod is slowly but efficiently absorbed in the gastrointestinal tract. auc varies greatly, depending on the patien",CCCCCCCCc1ccc(CCC(N)(CO)CO)cc1
Ruxolitinib,95.0,"following oral administration, ruxolitinib undergoes rapid absorption [a229753] and the peak concentrations are reached ",N#CC[C@H](C1CCCC1)n1cc(-c2ncnc3[nH]ccc23)cn1
Linagliptin,30.0,oral bioavailability of linagliptin is 30%[a37050].,CC#CCn1c(N2CCC[C@@H](N)C2)nc2c1c(=O)n(Cc1nc(C)c3ccccc3n1)c(=O)n2C
Arbaclofen Placarbil,6.0,"unlike baclofen, absorption of r-baclofen(arbaclofen) is not limited to the upper small intestine. the ability of arbacl",CC(C)C(=O)O[C@@H](OC(=O)NC[C@H](CC(=O)O)c1ccc(Cl)cc1)C(C)C
Mirabegron,29.0,the absolute bioavailability of orally administered mirabegron ranges from 29% at a dose of 25 mg to 35% at a dose of 50,Nc1nc(CC(=O)Nc2ccc(CCNC[C@H](O)c3ccccc3)cc2)cs1
Regorafenib,69.0,"cmax = 2.5 μg/ml;
tmax = 4 hours; 
auc = 70.4 μg*h/ml; 
cmax, steady-state = 3.9 μg/ml;
auc, steady-state = 58.3 μg*",CNC(=O)c1cc(Oc2ccc(NC(=O)Nc3ccc(Cl)c(C(F)(F)F)c3)c(F)c2)ccn1
Aclidinium,6.0,"bioavailability, healthy subjects = 6%;
t max, healthy subjects = 10 minutes;
time to steady state, healthy subjects =",O=C(O[C@H]1C[N+]2(CCCOc3ccccc3)CCC1CC2)C(O)(c1cccs1)c1cccs1
Fluticasone furoate,1.3,fluticasone furoate plasma levels may not predict therapeutic effect. peak plasma concentrations are reached within 0.5 ,C[C@@H]1C[C@H]2[C@@H]3C[C@H](F)C4=CC(=O)C=C[C@]4(C)[C@@]3(F)[C@@H](O)C[C@]2(C)[C@@]1(OC(=O)c1ccco1)C(=O)SCF
Canagliflozin,65.0,"**bioavailability and steady-state**

the absolute oral bioavailability of canagliflozin, on average, is approximately",Cc1ccc([C@@H]2O[C@H](CO)[C@@H](O)[C@H](O)[C@H]2O)cc1Cc1ccc(-c2ccc(F)cc2)s1
Trametinib,72.0,"following oral administration, trametinib is rapidly and readily absorbed.[a258323] the absorption was examined in patie",CC(=O)Nc1cccc(-n2c(=O)n(C3CC3)c(=O)c3c(Nc4ccc(I)cc4F)n(C)c(=O)c(C)c32)c1
Dabrafenib,95.0,"after oral administration, the median time to achieve peak plasma concentration (tmax) is 2 hours.[l41955] mean absolute",CC(C)(C)c1nc(-c2cccc(NS(=O)(=O)c3c(F)cccc3F)c2F)c(-c2ccnc(N)n2)s1
Radium Ra 223 dichloride,100.0,"since radium ra 223 dichloride is administered i.v., the bioavailability should be 100%.",[223Ra+2].[Cl-].[Cl-]
Afatinib,92.0,"following oral administration, time to peak plasma concentration (tmax) is 2 to 5 hours [fda label]. maximum concentrati",CN(C)C/C=C/C(=O)Nc1cc2c(Nc3ccc(F)c(Cl)c3)ncnc2cc1O[C@H]1CCOC1
Riociguat,94.0,the pharmacokinetics of riociguant are dose proportional from 0.5 mg to 2.5 mg. the absolute bioavailability is approxim,COC(=O)N(C)c1c(N)nc(-c2nn(Cc3ccccc3F)c3ncccc23)nc1N
Azosemide,20.4,peak plasma concentrations are achieved in 3-4 hours when azosemide is administered to healthy humans in a fasting state,NS(=O)(=O)c1cc(-c2nn[nH]n2)c(NCc2cccs2)cc1Cl
Vorapaxar,100.0,"after oral administration, vorapaxar is rapidly absorbed and peak concentrations occur at a median tmax of 1 hour under ",CCOC(=O)N[C@@H]1CC[C@@H]2[C@@H](C1)C[C@H]1C(=O)O[C@H](C)[C@H]1[C@H]2/C=C/c1ccc(-c2cccc(F)c2)cn1
Miltefosine,82.0,"after oral administration, miltefosine is slowly absorbed from the gastrointestinal tract with an absolute bioavailabili",CCCCCCCCCCCCCCCCOP(=O)([O-])OCC[N+](C)(C)C
Suvorexant,82.0,peak concentrations occur at a median tmax of 2 hours under fasted conditions. ingestion of suvorexant with a high-fat m,Cc1ccc(-n2nccn2)c(C(=O)N2CCN(c3nc4cc(Cl)ccc4o3)CC[C@H]2C)c1
Eliglustat,5.0,eliglustat administered in multiple doses of 84 mg twice daily had a c<sub>max</sub> of 12.1 to 25.0 ng/ml in cyp2d6 ext,CCCCCCCC(=O)N[C@H](CN1CCCC1)[C@H](O)c1ccc2c(c1)OCCO2
Tedizolid phosphate,91.0,tedizolid reaches peak plasma concentrations within three hours for oral administration and within one hour following in,Cn1nnc(-c2ccc(-c3ccc(N4C[C@H](COP(=O)(O)O)OC4=O)cc3F)cn2)n1
Vortioxetine,75.0,the maximal plasma vortioxetine concentration (cmax) after dosing is reached within 7 to 11 hours postdose. absolute bio,Cc1ccc(Sc2ccccc2N2CCNCC2)c(C)c1
Sodium oxybate,88.0,"following oral administration of sodium oxybate, ghb is released and rapidly absorbed with an absolute bioavailability o",O=C([O-])CCCO.[Na+]
Palbociclib,46.0,palbociclib presents a linear pharmacokinetic profile and its peak plasma concentration was observed 6-12 hours after or,CC(=O)c1c(C)c2cnc(Nc3ccc(N4CCNCC4)cn3)nc2n(C2CCCC2)c1=O
Edoxaban,62.0,"following oral administration, peak plasma edoxaban concentrations are observed within 1-2 hours. absolute bioavailabili",CN1CCc2nc(C(=O)N[C@@H]3C[C@@H](C(=O)N(C)C)CC[C@@H]3NC(=O)C(=O)Nc3ccc(Cl)cn3)sc2C1
Nintedanib,4.7,"the absolute bioavailability of nintedanib is low at approximately 4.7%, likely owing to substantial first-pass metaboli",COC(=O)c1ccc2c(c1)NC(=O)/C2=C(\Nc1ccc(N(C)C(=O)CN2CCN(C)CC2)cc1)c1ccccc1
Olodaterol,1.0,olodaterol reaches maximum plasma concentrations generally within 10 to 20 minutes following drug inhalation. in healthy,COc1ccc(CC(C)(C)NC[C@H](O)c2cc(O)cc3c2OCC(=O)N3)cc1
Vilanterol,27.3,vilanterol plasma levels may not predict therapeutic effects. following inhaled administration of vilanterol in healthy ,OCc1cc([C@@H](O)CNCCCCCCOCCOCc2c(Cl)cccc2Cl)ccc1O
Ivabradine,40.0,it is recommended to take ivabradine with food to reduce variability in systemic exposure. administration with food slow,COc1cc2c(cc1OC)CC(=O)N(CCCN(C)C[C@H]1Cc3cc(OC)c(OC)cc31)CC2
Pinaverium,1.0,"after oral administration, pinaverium is poorly absorbed (5-10%) followed by uptake by liver. poor absorption is due to ",COc1cc(Br)c(C[N+]2(CCOCCC3CCC4CC3C4(C)C)CCOCC2)cc1OC
Chlortetracycline,30.0,chortetracycline reaches peak plasma concentation in about 3 hours [a1424]. its oral bioavailability is 25-30%.,CN(C)[C@@H]1C(O)=C(C(N)=O)C(=O)[C@@]2(O)C(O)=C3C(=O)c4c(O)ccc(Cl)c4[C@@](C)(O)[C@H]3C[C@@H]12
Quinagolide,4.0,"the absorption of quinagolide is rapid and extensive with 95% of the dose absorbed after oral ingestion, however the abs",CCCN1C[C@@H](NS(=O)(=O)N(CC)CC)C[C@@H]2Cc3c(O)cccc3C[C@H]21
Daclatasvir,67.0,studies demonstrated that peak plasma concentrations typically occurred within 2 hours after administration of multiple ,COC(=O)N[C@H](C(=O)N1CCC[C@H]1c1ncc(-c2ccc(-c3ccc(-c4cnc([C@@H]5CCCN5C(=O)[C@@H](NC(=O)OC)C(C)C)[nH]4)cc3)cc2)[nH]1)C(C)C
Coenzyme M,58.0,"peak plasma concentrations were reached within 1.5-4 hours for free mesna, and 3-7 hours for total mesna following oral ",O=S(=O)(O)CCS
Medrogestone,100.0,"when administered, medrogestone presents a very rapid gastrointestinal absorption with a bioavailability of 100%. the ma",CC(=O)[C@@]1(C)CC[C@H]2[C@@H]3C=C(C)C4=CC(=O)CC[C@]4(C)[C@H]3CC[C@@]21C
Brexpiprazole,95.0,"after a single-dose administration, the t<sub>max</sub> was four hours and the absolute oral bioavailability was 95%. br",O=c1ccc2ccc(OCCCCN3CCN(c4cccc5sccc45)CC3)cc2[nH]1
Etizolam,93.0,etizolam is well absorbed from the intestines with a biological bioavailability of 93% following oral administration. af,CCc1cc2c(s1)-n1c(C)nnc1CN=C2c1ccccc1Cl
Dasabuvir,70.0,dasabuvir reaches peak plasma concentration 4 hours after administration [fda label]. the absolute bioavailability of da,COc1c(-c2ccc3cc(NS(C)(=O)=O)ccc3c2)cc(-n2ccc(=O)[nH]c2=O)cc1C(C)(C)C
Moxisylyte,10.0,moxisylyte is rapidly absorbed after oral administration.[l1174] its pharmacokinetic profile is linear in the dose range,CC(=O)Oc1cc(C(C)C)c(OCCN(C)C)cc1C
Loxoprofen,95.0,loxoprofen is rapidly and completely absorbed from the gi tract with a bioavailability of 95%.[l1268] the absorption pha,CC(C(=O)O)c1ccc(CC2CCCC2=O)cc1
Tolfenamic acid,75.0,tolfenamic acid pharmacokinetic is marked by a short tmax of 0.94-2.04 h.[a31842] it also presented a linear pharmacokin,Cc1c(Cl)cccc1Nc1ccccc1C(=O)O
Nicorandil,75.0,"following oral administration, nicorandil is well absorbed from the gastrointestinal tract with the oral bioavailability",O=C(NCCO[N+](=O)[O-])c1cccnc1
Barnidipine,1.1,"following a single, modified-release dose of 10mg barnidipine, the peak plasma concentration was approximately 0.48 µg/l",COC(=O)C1=C(C)NC(C)=C(C(=O)O[C@H]2CCN(Cc3ccccc3)C2)[C@H]1c1cccc([N+](=O)[O-])c1
Aranidipine,48.0,"after administration, aranidipine is rapidly absorbed from the gastrointestinal tract. after absorption, the auc and cma",COC(=O)C1=C(C)NC(C)=C(C(=O)OCC(C)=O)C1c1ccccc1[N+](=O)[O-]
Cilnidipine,13.0,cilnidipine presents a very rapid absorption with a maximum peaked concentration after 2 hours. its distribution tends t,COCCOC(=O)C1=C(C)NC(C)=C(C(=O)OC/C=C/c2ccccc2)C1c1cccc([N+](=O)[O-])c1
Lacidipine,10.0,"since it is a highly lipophilic compound, lacidpine is rapidly absorbed from the gastrointestinal tract following oral a",CCOC(=O)C1=C(C)NC(C)=C(C(=O)OCC)C1c1ccccc1/C=C/C(=O)OC(C)(C)C
Levamlodipine,90.0,oral levamlodipine has a t<sub>max</sub> of 6-12h and a bioavailability of 64-90%.[l10833] absorption of levamlodipine i,CCOC(=O)C1=C(COCCN)NC(C)=C(C(=O)OC)[C@@H]1c1ccccc1Cl
Moxonidine,88.0,"90% of an oral dose is absorbed with negligible interference from food intake or first pass metabolism, resulting in a h",COc1nc(C)nc(Cl)c1NC1=NCCN1
Pirlindole,90.0,well absorbed with a bioavailability of 90% [l1390].,Cc1ccc2c(c1)c1c3n2CCNC3CCC1
Imidafenacin,57.8,the absolute oral bioavailability is 57.8% [a19796]. tmax is 1-3 h after administration.,Cc1nccn1CCC(C(N)=O)(c1ccccc1)c1ccccc1
Strontium ranelate,25.0,the absolute bioavailability of strontium is about 25% (within a range of 19-27%) after an oral dose of 2 g strontium ra,N#Cc1c(N(CC(=O)[O-])CC(=O)[O-])sc(C(=O)[O-])c1CC(=O)[O-].[Sr+2].[Sr+2]
Sacubitril,60.0,"peak plasma concentrations of sacubitril and it's metabolite, lbq657 are reached in 0.5 hours and 2 hours respectively. ",CCOC(=O)[C@H](C)C[C@@H](Cc1ccc(-c2ccccc2)cc1)NC(=O)CCC(=O)O
Ombitasvir,48.0,ombitasvir reaches peak plasma concentration 5 hours after administration [fda label]. it has an absolute bioavailabilit,COC(=O)N[C@H](C(=O)N1CCC[C@H]1C(=O)Nc1ccc([C@@H]2CC[C@@H](c3ccc(NC(=O)[C@@H]4CCCN4C(=O)[C@@H](NC(=O)OC)C(C)C)cc3)N2c2ccc(C(C)(C)C)cc2)cc1)C(C)C
Xylose,69.0,when 12 normal healthy subjects were given an intravenous d-xylose dosing of 10 grams and then an oral dose of 25 grams ,O=C[C@H](O)[C@@H](O)[C@H](O)CO
Methyl salicylate,100.0,approximately 12-20% of topically applied methyl salicylate may be systemically absorbed through intact skin within 10 h,COC(=O)c1ccccc1O
Dexchlorpheniramine maleate,40.5,oral bioavailability in rats  40.5%,CN(C)CC[C@@H](c1ccc(Cl)cc1)c1ccccn1.O=C(O)/C=C\C(=O)O
Ixazomib,58.0,"upon oral administration, ixazomib is rapidly absorbed [a264329] with a t<sub>max</sub> of one hour.[l51234] based on po",CC(C)C[C@H](NC(=O)CNC(=O)c1cc(Cl)ccc1Cl)B(O)O
Selenium,90.0,oral bioavailability of 90% when given as l-selenomethionine [a19385]. tmax of 9.17h.,[Se]
Alectinib,37.0,alectinib reached maximal concentrations at 4 hours following administration of 600 mg twice daily under fed conditions ,CCc1cc2c(cc1N1CCC(N3CCOCC3)CC1)C(C)(C)c1[nH]c3cc(C#N)ccc3c1C2=O
Pidotimod,45.0,bioavailability of 45% [l929].,O=C1CC[C@@H](C(=O)N2CSC[C@H]2C(=O)O)N1
Cefroxadine,90.0,oral bioavailability of 90% [a20320].,COC1=C(C(=O)O)N2C(=O)[C@@H](NC(=O)[C@H](N)C3=CCC=CC3)[C@H]2SC1
Elbasvir,32.0,elbasvir reaches peak plasma concentration 3-6 hours after administration[l10253] and has an absolute bioavailability of,COC(=O)N[C@H](C(=O)N1CCC[C@H]1c1ncc(-c2ccc3c(c2)O[C@@H](c2ccccc2)n2c-3cc3cc(-c4cnc([C@@H]5CCCN5C(=O)[C@@H](NC(=O)OC)C(C)C)[nH]4)ccc32)[nH]1)C(C)C
Grazoprevir,27.0,grazoprevir reaches peak plasma concentration 0.5-3 hours after administration [fda label]. grazoprevir has an absolute ,C=C[C@@H]1C[C@]1(NC(=O)[C@@H]1C[C@@H]2CN1C(=O)[C@H](C(C)(C)C)NC(=O)O[C@@H]1C[C@H]1CCCCCc1nc3ccc(OC)cc3nc1O2)C(=O)NS(=O)(=O)C1CC1
Thiocolchicoside,25.0,"oral bioavailability is ~25%
after intramuscular administration, thiocolchicoside cmax occur in 30 min and .reach value",COc1c(O[C@@H]2O[C@H](CO)[C@@H](O)[C@H](O)[C@H]2O)cc2c(c1OC)-c1ccc(SC)c(=O)cc1[C@@H](NC(C)=O)CC2
Asunaprevir,9.3,"in preclinical studies, asunaprevir showed a high liver-to-plasma auc ratio. it is rapidly absorbed within 30 minutes of",C=C[C@@H]1C[C@]1(NC(=O)[C@@H]1C[C@@H](Oc2ncc(OC)c3ccc(Cl)cc23)CN1C(=O)[C@@H](NC(=O)OC(C)(C)C)C(C)(C)C)C(=O)NS(=O)(=O)C1CC1
Bilastine,61.0,bilastine has a tmax of 1.13 h [fda label]. the absolute bioavailability is 61%. no accumulation observed with daily dos,CCOCCn1c(C2CCN(CCc3ccc(C(C)(C)C(=O)O)cc3)CC2)nc2ccccc21
Velpatasvir,30.0,oral bioavailability of 25-30% [a19175].,COC[C@H]1C[C@@H](c2ncc(-c3ccc4c(c3)COc3cc5c(ccc6nc([C@@H]7CC[C@H](C)N7C(=O)[C@@H](NC(=O)OC)C(C)C)[nH]c65)cc3-4)[nH]2)N(C(=O)[C@H](NC(=O)OC)c2ccccc2)C1
Opicapone,20.0,"orally administered opicapone demonstrates a linear, dose-dependent absorption profile.[a203048] opicapone is rapidly ab",Cc1c(Cl)c(C)[n+]([O-])c(Cl)c1-c1noc(-c2cc(O)c(O)c([N+](=O)[O-])c2)n1
Amifampridine,100.0,orally-administered amifampridine is rapidly absorbed in humans to reach the peak plasma concentrations within by 0.6 to,Nc1ccncc1N
Daprodustat,65.0,daprodustat exposure generally increases in a dose-proportional manner over the range of therapeutic doses. steady-state,O=C(O)CNC(=O)C1C(=O)N(C2CCCCC2)C(=O)N(C2CCCCC2)C1=O
Selumetinib,62.0,"based on several studies investigating selumetinib at various doses in both pediatric and adult populations, the tmax ge",Cn1cnc2c(F)c(Nc3ccc(Br)cc3Cl)c(C(=O)NOCCO)cc21
Tropisetron,60.0,the absorption of tropisetron from the gastrointestinal tract is rapid (mean half-life of about 20 minutes) and nearly c,CN1[C@@H]2CC[C@H]1C[C@@H](OC(=O)c1c[nH]c3ccccc13)C2
Acalabrutinib,25.0,the geometric mean absolute bioavailability of acalabrutinib is 25% with a median time to peak plasma concentrations (tm,CC#CC(=O)N1CCC[C@H]1c1nc(-c2ccc(C(=O)Nc3ccccn3)cc2)c2c(N)nccn12
Ribociclib,65.8,the mean absolute bioavailability of ribociclib after a single oral dose of 600 mg was 65.8%.[l51529] following repeated,CN(C)C(=O)c1cc2cnc(Nc3ccc(N4CCNCC4)cn3)nc2n1C1CCCC1
Lasmiditan,40.0,"oral absorption of lasmiditan is quick, with a median t<sub>max</sub> of 1.8 hours.[l9338] an open-label study looking a",CN1CCC(C(=O)c2cccc(NC(=O)c3c(F)cc(F)cc3F)n2)CC1
Icotinib,52.0,bioavailability = 52%,C#Cc1cccc(Nc2ncnc3cc4c(cc23)OCCOCCOCCO4)c1
Momelotinib,97.0,momelotinib is rapidly absorbed following oral administration with a bioavailability of 97%.[a261561] the mean (%cv) ste,N#CCNC(=O)c1ccc(-c2ccnc(Nc3ccc(N4CCOCC4)cc3)n2)cc1
Niraparib,73.0,"following a single-dose administration of 300 mg niraparib, the mean (±sd) peak plasma concentration (c<sub>max</sub>) w",NC(=O)c1cccc2cn(-c3ccc([C@@H]4CCCNC4)cc3)nc12
Fostemsavir,26.9,the absorption of temsavir is significantly limited by suboptimal dissolution and solubility following oral administrati,COc1cnc(-n2cnc(C)n2)c2c1c(C(=O)C(=O)N1CCN(C(=O)c3ccccc3)CC1)cn2COP(=O)(O)O
Baricitinib,80.0,the absolute bioavailability of baricitinib is approximately 80%. the c<sub>max</sub> was reached after one hour of oral,CCS(=O)(=O)N1CC(CC#N)(n2cc(-c3ncnc4[nH]ccc34)cn2)C1
Esketamine,48.0,"due to the fact that this drug is administered via nasal spray, absorption is rapid. the mean absolute bioavailability i",CN[C@]1(c2ccccc2Cl)CCCCC1=O
Relugolix,12.0,the c<sub>max</sub> and auc of orally-administered relugolix increase proportionally following single doses - in contras,CONC(=O)Nc1ccc(-c2sc3c(c2CN(C)C)c(=O)n(-c2ccc(OC)nn2)c(=O)n3Cc2c(F)cccc2F)cc1
Brexanolone,5.0,"it has been determined that brexanolone has a low oral bioavailability of approximately <5% in adults, which suggests in",CC(=O)[C@H]1CC[C@H]2[C@@H]3CC[C@H]4C[C@H](O)CC[C@]4(C)[C@H]3CC[C@]12C
Apalutamide,100.0,mean absolute oral bioavailability was approximately 100%. the median time to achieve peak plasma concentration (t<sub>m,CNC(=O)c1ccc(N2C(=S)N(c3cnc(C#N)c(C(F)(F)F)c3)C(=O)C23CCC3)cc1F
Valbenazine,49.0,valbenazine and its active metabolite ([+]-α-htbz) demonstrate approximate proportional increases for the area under the,COc1cc2c(cc1OC)[C@H]1C[C@@H](OC(=O)[C@@H](N)C(C)C)[C@H](CC(C)C)CN1CC2
Delafloxacin,58.8,the median time to peak plasma concentration for orally administered delafloxacin is 0.75 (0.5-4.0) hours after a single,Nc1nc(-n2cc(C(=O)O)c(=O)c3cc(F)c(N4CC(O)C4)c(Cl)c32)c(F)cc1F
Duvelisib,42.0,duvelisib is rapidly absorbed and its peak plasma concentration is reached 1-2 hours after initial administration with a,C[C@H](Nc1ncnc2[nH]cnc12)c1cc2cccc(Cl)c2c(=O)n1-c1ccccc1
Dacomitinib,80.0,dacomitinib has shown a linear kinetics after single and multiple dose range studies. the absorption and distribution do,COc1cc2ncnc(Nc3ccc(F)c(Cl)c3)c2cc1NC(=O)/C=C/CN1CCCCC1
Glasdegib,55.0,glasdegib presents a dose-proportional pharmacokinetic profile which is observed by the presence of a broad dose-proport,CN1CC[C@@H](NC(=O)Nc2ccc(C#N)cc2)C[C@@H]1c1nc2ccccc2[nH]1
Elamipretide,92.0,elamipretide exposure increases proportionally over a dose range of 2 to 80 mg following daily subcutaneous injections w,Cc1cc(O)cc(C)c1C[C@H](NC(=O)[C@H](N)CCCNC(=N)N)C(=O)N[C@@H](CCCCN)C(=O)N[C@@H](Cc1ccccc1)C(N)=O
Benznidazole,91.7,"benznidazole has a bioavailability of 91.7% and a tmax of 2.93 h [a20368, a20369].",O=C(Cn1ccnc1[N+](=O)[O-])NCc1ccccc1
Diacerein,60.0,bioavailability of 50-60% [a19300]. entirely converted to the active metabolite rhein [db13174] before reaching systemic,CC(=O)Oc1cccc2c1C(=O)c1c(OC(C)=O)cc(C(=O)O)cc1C2=O
Fostamatinib,55.0,"fostmatinib is the methylene phosphate prodrug of r406, the active metabolite [l52150]. it is extensively hydrolyzed by ",COc1cc(Nc2ncc(F)c(Nc3ccc4c(n3)N(COP(=O)(O)O)C(=O)C(C)(C)O4)n2)cc(OC)c1OC
Letermovir,94.0,"letermovir has a bioavailability of 94% in healthy subjects when administered without cyclosporin, 35% in hsct recipient",COc1cccc(N2CCN(C3=Nc4c(F)cccc4[C@H](CC(=O)O)N3c3cc(C(F)(F)F)ccc3OC)CC2)c1
Lorlatinib,81.0,the median lorlatinib tmax was 1.2 hours (0.5 to 4 hours) following a single oral 100 mg dose and 2 hours (0.5 to 23 hou,C[C@H]1Oc2cc(cnc2N)-c2c(nn(C)c2C#N)CN(C)C(=O)c2ccc(F)cc21
Gepotidacin,45.0,"according to prescribing information, the steady-state mean c<sub>max</sub> and auc<sub>0-12</sub> of gepotidacin in pat",O=c1ccc2ncc(=O)n3c2n1C[C@H]3CN1CCC(NCc2cc3c(cn2)OCCC3)CC1
Brincidofovir,13.4,the oral bioavailability of brincidofovir is 13.4% in its tablet formulation and 16.8% in its suspension formulation.[l3,CCCCCCCCCCCCCCCCOCCCOP(=O)(O)CO[C@H](CO)Cn1ccc(N)nc1=O
Gepirone,14.0,the pharmacokinetics of gepirone are linear and dose-proportional from 18.2 mg to 72.6 mg. steady-state plasma concentra,CC1(C)CC(=O)N(CCCCN2CCN(c3ncccn3)CC2)C(=O)C1
Capivasertib,29.0,"the capivasertib steady-state auc is 8,069 h·ng/ml (37%) and c<sub>max</sub> is 1,371 ng/ml (30%). steady-state concentr",NC1(C(=O)N[C@@H](CCO)c2ccc(Cl)cc2)CCN(c2ncnc3[nH]ccc23)CC1
Edaravone,57.0,"one study investigated the absorption of edaravone in healthy adults, who either received a single oral (105 mg/ml) or i",CC1=NN(c2ccccc2)C(=O)C1
Propiverine,40.5,propiverine is rapidly absorbed from the gastrointestinal tract with maximum plasma concentrations attained after 2.3 ho,CCCOC(C(=O)OC1CCN(C)CC1)(c1ccccc1)c1ccccc1
Doravirine,64.0,the absolute bioavailability of doravirine is 64% with a t<sub>max</sub> of 2 hours.[l12729] following oral [14c]doravir,Cn1c(Cn2ccc(C(F)(F)F)c(Oc3cc(Cl)cc(C#N)c3)c2=O)n[nH]c1=O
Rucaparib,36.0,rucaparib exhibits a linear pharmacokinetic profile over the dose range from 240 mg to 840 mg twice daily. the mean (coe,CNCc1ccc(-c2[nH]c3cc(F)cc4c3c2CCNC4=O)cc1
Betrixaban,34.0,betrixaban presents a rapid absorption at a dose of 80 mg. its peak plasma concentration is registered within 3-4 hours ,COc1ccc(NC(=O)c2ccc(C(=N)N(C)C)cc2)c(C(=O)Nc2ccc(Cl)cn2)c1
Siponimod,84.0,the time (tmax) to attain maximum plasma concentrations (cmax) after oral administration of immediate-release oral doses,CCc1cc(/C(C)=N/OCc2ccc(C3CCCCC3)c(C(F)(F)F)c2)ccc1CN1CC(C(=O)O)C1
Omadacycline,34.5,omadacycline has an mean absolute oral bioavailability of 34.5% and a mean tmax of2.5 h with oral dosing. with multiple ,CN(C)c1cc(CNCC(C)(C)C)c(O)c2c1C[C@H]1C[C@H]3[C@H](N(C)C)C(O)=C(C(N)=O)C(=O)[C@@]3(O)C(O)=C1C2=O
Rimegepant,64.0,the absolute oral bioavailability of rimegepant is approximately 64%.[l11971] following oral administration of the orall,N[C@@H]1c2cccnc2[C@H](OC(=O)N2CCC(n3c(=O)[nH]c4ncccc43)CC2)CC[C@H]1c1cccc(F)c1F
Samidorphan,69.0,"samidorphan pharmacokinetics are linear over the range of clinically relevant concentrations, and steady-state kinetics ",NC(=O)c1ccc2c(c1O)[C@]13CCN(CC4CC4)[C@H](C2)[C@]1(O)CCC(=O)C3
Sotagliflozin,71.0,"following a single dose, the t<sub>max</sub> of sotagliflozin ranged from 1.25 to 3 hours.[l39705] following multiple do",CCOc1ccc(Cc2cc([C@@H]3O[C@H](SC)[C@@H](O)[C@H](O)[C@H]3O)ccc2Cl)cc1
Lefamulin,25.0,"in a pharmacokinetic study of healthy subjects, lefamulin was rapidly absorbed after oral administration. the median tma",C=C[C@]1(C)C[C@@H](OC(=O)CS[C@@H]2CC[C@@H](N)C[C@H]2O)[C@]2(C)C(C)CC[C@]3(CCC(=O)[C@H]32)[C@@H](C)[C@@H]1O
Grapiprant,39.0,studies in animals (horse) have shown the presence of a concentration >0.005 ng/ml in serum 72 hours after initial admin,CCc1nc2c(C)nc(C)cc2n1-c1ccc(CCNC(=O)NS(=O)(=O)c2ccc(C)cc2)cc1
Quizartinib,71.0,the mean (sd) absolute bioavailability of quizartinib from the tablet formulation was 71% (±7%) in healthy subjects. aft,CC(C)(C)c1cc(NC(=O)Nc2ccc(-c3cn4c(n3)sc3cc(OCCN5CCOCC5)ccc34)cc2)no1
Darolutamide,30.0,"darolutamide is absorbed in the gastrointestinal tract.[l10872] in the fasted state, peak concentrations are reached wit",CC(O)c1cc(C(=O)N[C@@H](C)Cn2ccc(-c3ccc(C#N)c(Cl)c3)n2)n[nH]1
Oteseconazole,73.0,"between 20 mg and 320 mg, the auc of oteseconazole increased relatively dose proportionally, and the c<sub>max</sub> inc",O[C@@](Cn1cnnn1)(c1ccc(F)cc1F)C(F)(F)c1ccc(-c2ccc(OCC(F)(F)F)cc2)cn1
Meclocycline,66.0,estimated oral bioavailability of ~66% and tmax of 4h based on that of demeclocycline due to structural similarity [a142,C=C1c2c(Cl)ccc(O)c2C(=O)C2=C(O)[C@]3(O)C(=O)C(C(N)=O)=C(O)[C@@H](N(C)C)[C@@H]3[C@@H](O)[C@H]12
Edoxudine,49.0,edoxudine cream is able to penetrate the skin in a very rapid manner. this easy penetration allows edoxudine to have a g,CCc1cn([C@H]2C[C@H](O)[C@@H](CO)O2)c(=O)[nH]c1=O
Diphemanil,25.0,poorly absorbed from the gastrointestinal tract with an absolute bioavailability of 15 to 25%.,C[N+]1(C)CCC(=C(c2ccccc2)c2ccccc2)CC1
Enasidenib,57.0,the peak plasma concentration (c<sub>max</sub>) is 1.4 mcg/ml [coefficient of variation (cv%) 50%] after a single dose o,CC(C)(O)CNc1nc(Nc2ccnc(C(F)(F)F)c2)nc(-c2cccc(C(F)(F)F)n2)n1
Ferric pyrophosphate citrate,94.0,the results of the present studies show that ferric pyrophosphate is as well absorbed in adults. the absorption of iron ,O=C([O-])CC(O)(CC(=O)[O-])C(=O)[O-].O=C([O-])CC(O)(CC(=O)[O-])C(=O)[O-].O=C([O-])CC(O)(CC(=O)[O-])C(=O)[O-].O=P(O)(O)OP(=O)(O)O.O=P(O)(O)OP(=O)(O)O.O=P([O-])([O-])OP(=O)([O-])O.[Fe+3].[Fe+3].[Fe+3].[Fe+3]
Cannabidivarin,6.0,"like δ9-thc, cbdv has low water solubility and poor oral bioavailability (~6% in humans), making oral administration an ",C=C(C)[C@@H]1CCC(C)=C[C@H]1c1c(O)cc(CCC)cc1O
Oxycodegol,34.0,loxicodegol has a tmax of 1.8h and a bioavailability of 34% with oral administration [a34016]. it enters the brain about,COCCOCCOCCOCCOCCOCCO[C@H]1CC[C@@]2(O)[C@H]3Cc4ccc(OC)c5c4[C@@]2(CCN3C)[C@H]1O5
Geraniol,92.0,the profile of the geraniol concentrations in rat blood following oral administration of the emulsified formulation was ,CC(C)=CCC/C(C)=C/CO
Lithium carbonate,100.0,lithium absorption is rapid and oral bioavailability is close to 100%[a176639].,O=C([O-])[O-].[Li+].[Li+]
Mometasone furoate,11.0,the mean time to peak concentration is 1.0 to 2.5 hours[fda label]. bioavailability has been reported as <1%[fda label] ,C[C@@H]1C[C@H]2[C@@H]3CCC4=CC(=O)C=C[C@]4(C)[C@@]3(Cl)[C@@H](O)C[C@]2(C)[C@@]1(OC(=O)c1ccco1)C(=O)CCl
Tedizolid,91.0,tedizolid reaches peak plasma concentrations within three hours for oral administration and within one hour following in,Cn1nnc(-c2ccc(-c3ccc(N4C[C@H](CO)OC4=O)cc3F)cn2)n1
Diloxanide furoate,90.0,"bioavailability is 90% (in diloxanide parental form), however diloxanide furoate is slowly absorbed from the gastrointes",CN(C(=O)C(Cl)Cl)c1ccc(OC(=O)c2ccco2)cc1
Larotrectinib,34.0,the mean absolute bioavailability of larotrectinib capsules is approximately 34% (range: 32-37%).[l49816] in adult patie,O=C(Nc1cnn2ccc(N3CCC[C@@H]3c3cc(F)ccc3F)nc12)N1CC[C@H](O)C1
Ceftobiprole medocaril,100.0,"because ceftobiprole medocaril is administered intravenously, its bioavailability is 100%.[l50472] the mean c<sub>max</s",Cc1oc(=O)oc1COC(=O)N1CC[C@@H](N2CC/C(=C\C3=C(C(=O)O)N4C(=O)[C@@H](NC(=O)/C(=N\O)c5nsc(N)n5)[C@H]4SC3)C2=O)C1
Solriamfetol,95.0,oral bioavailability of solriamfetol is approximately 95%[fda label]. peak plasma concentration is reached in 2 hours (w,NC(=O)OC[C@H](N)Cc1ccccc1
Mavacamten,85.0,mavacamten has an estimated oral bioavailability of at least 85% and t<sub>max</sub> of 1 hour.[l41680] mavacamten expos,CC(C)n1c(=O)cc(N[C@@H](C)c2ccccc2)[nH]c1=O
Ritlecitinib,64.0,"up to 200 mg, the auc<sub>0-tau</sub> and c<sub>max</sub> of ritlecitinib increase in an approximately dose-proportional",C=CC(=O)N1C[C@H](Nc2ncnc3[nH]ccc23)CC[C@@H]1C
Abrocitinib,60.0,abrocitinib is absorbed with over 91% extent of oral absorption and absolute oral bioavailability of approximately 60%. ,CCCS(=O)(=O)N[C@H]1C[C@@H](N(C)c2ncnc3[nH]ccc23)C1
Daridorexant,62.0,daridorexant reaches peak plasma concentrations within one to two hours. daridorexant has an absolute bioavailability of,COc1ccc(-n2nccn2)c(C(=O)N2CCC[C@@]2(C)c2nc3c(C)c(Cl)ccc3[nH]2)c1
Tepotinib,72.0,"the absolute bioavailability of tepotinib following oral administration is approximately 72%.[l31443,a228038] at the rec",CN1CCC(COc2cnc(-c3cccc(Cn4nc(-c5cccc(C#N)c5)ccc4=O)c3)nc2)CC1
Inavolisib,76.0,the absolute oral bioavailability of inavolisib is 76%.[l51738] at steady-state - attained by approximately day 5 - the ,C[C@H](Nc1ccc2c(c1)OCCn1cc(N3C(=O)OC[C@H]3C(F)F)nc1-2)C(N)=O
Elexacaftor,80.0,the absolute oral bioavailability of elexacaftor is approximately 80%. the steady-state auc<sub>0-24h</sub> and c<sub>ma,Cc1nn(C)cc1S(=O)(=O)NC(=O)c1ccc(-n2ccc(OCC(C)(C)C(F)(F)F)n2)nc1N1C[C@@H](C)CC1(C)C
Vericiguat,93.0,"following the administration of 10mg of vericiguat by mouth once daily, the average steady-state c<sub>max</sub> and auc",COC(=O)Nc1c(N)nc(-c2nn(Cc3ccccc3F)c3ncc(F)cc23)nc1N
Selpercatinib,82.0,"in patients with locally advanced or metastatic solid tumours receiving 160 mg of selpercatinib twice daily, steady-stat",COc1ccc(CN2C3CC2CN(c2ccc(-c4cc(OCC(C)(C)O)cn5ncc(C#N)c45)cn2)C3)cn1
Zavegepant,5.0,"after a single intranasal dose of zavegepant (10 mg), the peak plasma concentration was detected approximately 30 minute",Cc1cc(C[C@@H](NC(=O)N2CCC(c3cc4ccccc4[nH]c3=O)CC2)C(=O)N2CCN(C3CCN(C)CC3)CC2)cc2cn[nH]c12
Cedazuridine,100.0,cedazuridine (100 mg) taken orally with [decitabine] (35 mg) once daily for five days resulted in a day 1 auc and steady,O=C1N[C@H](O)CCN1[C@@H]1O[C@H](CO)[C@@H](O)C1(F)F
Ensifentrine,35.0,"following inhaled administration of ensifentrine in healthy subjects and subjects with copd, ensifentrine cmax was attai",COc1cc2c(cc1OC)-c1c/c(=N\c3c(C)cc(C)cc3C)n(CCNC(N)=O)c(=O)n1CC2
Mitapivat,73.0,the absolute bioavailability of mitapivat after a single dose is approximately 73%. mitapivat exposure increases dose-pr,O=C(c1ccc(NS(=O)(=O)c2cccc3cccnc23)cc1)N1CCN(CC2CC2)CC1
Paltusotine,69.0,paltusotine exhibited dose-proportional increases in exposures for doses ranging from 20 mg (lowest approved recommended,N#Cc1cccc(-c2ccc3ncc(-c4cc(F)cc(F)c4)c(N4CCC(N)CC4)c3c2)c1O
Sulopenem etzadroxil,40.0,"following rapid conversion into the active moiety, sulopenem bioavailability is approximately 40% in the fasted state, i",CCC(CC)C(=O)OCOC(=O)C1=C(S[C@H]2CC[S@@+]([O-])C2)S[C@@H]2[C@@H]([C@@H](C)O)C(=O)N12
Mobocertinib,37.0,the mean absolute bioavailability of mobocertinib is 37% and the median t<sub>max</sub> is approximately 4 hours.[l38319,C=CC(=O)Nc1cc(Nc2ncc(C(=O)OC(C)C)c(-c3cn(C)c4ccccc34)n2)c(OC)cc1N(C)CCN(C)C
Serdexmethylphenidate,3.0,following a single dose of serdexmethylphenidate/dexmethylphenidate (52.3/10.4 mg) compared to extended-release dexmethy,COC(=O)[C@H](c1ccccc1)[C@H]1CCCCN1C(=O)OC[n+]1cccc(C(=O)N[C@@H](CO)C(=O)[O-])c1
Deucravacitinib,99.0,"following oral administration, deucravacitinib plasma cmax and auc increased proportionally over a dose range from 3 mg ",[2H]C([2H])([2H])NC(=O)c1nnc(NC(=O)C2CC2)cc1Nc1cccc(-c2ncn(C)n2)c1OC
Belumosudil,64.0,"following oral administration, the mean bioavailability of belumosudil is 64% and the median t<sub>max</sub> at steady-s",CC(C)NC(=O)COc1cccc(-c2nc(Nc3ccc4[nH]ncc4c3)c3ccccc3n2)c1
Repotrectinib,45.7,"the geometric mean (cv%) of repotrectinib steady state peak concentration (c<sub>max,ss</sub>) is 713 (32.5%) ng/ml and ",C[C@H]1CNC(=O)c2cnn3ccc(nc23)N[C@H](C)c2cc(F)ccc2O1
Vorasidenib,34.0,vorasidenib maximum plasma concentration (cmax) and auc increased approximately proportionally over the dose range of 10,C[C@@H](Nc1nc(N[C@H](C)C(F)(F)F)nc(-c2cccc(Cl)n2)n1)C(F)(F)F
Ziftomenib,12.9,"in patients with relapsed or refractory aml who received 600 mg ziftomenib once daily, the mean c<sub>max</sub> and auc ",CNc1nc(NC2CCN(Cc3ccc4c(cc(C#N)n4C[C@H](C)N4CCN(S(C)(=O)=O)CC4)c3C)CC2)c2cc(CC(F)(F)F)sc2n1
Pirtobrutinib,85.5,with single oral doses between 300 mg and 800 mg (1.5 to 4 times the approved recommended dose) and once daily doses bet,COc1ccc(F)cc1C(=O)NCc1ccc(-c2nn([C@@H](C)C(F)(F)F)c(N)c2C(N)=O)cc1
Rilzabrutinib,4.7,the c<sub>max</sub> and auc of rilzabrutinib increase proportionally following administration of multiple doses of 300 m,CC(C)(/C=C(\C#N)C(=O)N1CCC[C@@H](n2nc(-c3ccc(Oc4ccccc4)cc3F)c3c(N)ncnc32)C1)N1CCN(C2COC2)CC1
Nerandomilast,73.0,nerandomilast exposure increased in a dose proportional manner following administration of single doses of 0.0032 to 2.6,[O-][S@+]1CCc2nc(N3CCC(c4ncc(Cl)cn4)CC3)nc(NC3(CO)CCC3)c21
Zongertinib,76.2,"the absolute oral bioavailability of zongertinib is 76.2%.[l53828,l53873] following oral administration in patients with",C=CC(=O)NC1CCN(c2ncc3ncnc(Nc4ccc(Oc5ccc6c(c5)ncn6C)c(C)c4)c3n2)CC1
Deuruxolitinib,90.0,"following oral administration of deuruxolitinib, cmax and aucs increased dose-proportionally over a dose range from 8 mg",[2H]C1([2H])C([C@@H](CC#N)n2cc(-c3ncnc4[nH]ccc34)cn2)C([2H])([2H])C([2H])([2H])C1([2H])[2H]
Elinzanetant,52.0,"in healthy volunteers, elinzanetant c<sub>max</sub> and auc increased in a greater than dose-proportional manner (20% to",Cc1cc(F)ccc1-c1cc(N2C[C@H]3COCCN3C[C@H]2CO)ncc1N(C)C(=O)C(C)(C)c1cc(C(F)(F)F)cc(C(F)(F)F)c1
Imlunestrant,10.0,the mean (%cv) maximum concentration (c<sub>max</sub>) of imlunestrant is 141 ng/ml (45%) and the area under the concent,Oc1ccc2c3c(cnc2c1)-c1ccc(C(F)(F)F)cc1O[C@@H]3c1ccc(OCCN2CC(CF)C2)cc1
