canonical_smiles,drug_id,Y
C#CC[C@@H](C(=O)N[C@H](/C=C/C(=O)OCC)C[C@@H]1CCNC1=O)n1cccc(NC(=O)c2cc(C)on2)c1=O,CHEMBL141157,94.010000000000005
C#Cc1cccc(Nc2ncnc3cc(OCCOC)c(OCCOC)cc23)c1,CHEMBL553,8.5899999999999999
C#Cc1cccc(Nc2ncnc3cc4c(cc23)OCCOCCOCCO4)c1,CHEMBL2087361,12.715
C(=C\c1nn[nH]n1)/c1ccccc1,CHEMBL403963,3
C=CC(=O)Nc1ccc(C)cc1,CHEMBL2086478,54.239999999999995
C=CC(=O)Nc1ccc(F)cc1,CHEMBL2086472,20.510000000000002
C=CC(=O)Nc1ccc(OC)cc1,CHEMBL2089383,26.689999999999998
C=CC(=O)Nc1ccc2ncnc(Nc3cccc(C)c3)c2c1,CHEMBL31815,82.745000000000005
C=CC(=O)Nc1cccc(CN2C(=O)N(c3c(Cl)c(OC)cc(OC)c3Cl)Cc3cnc(NCCCCN(CC)CC)nc32)c1,CHEMBL2216830,39.810000000000002
C=CC(=O)Nc1cccc(Oc2nc(Nc3ccc(N4CCN(C)CC4)cc3OC)ncc2Cl)c1,CHEMBL1229592,41.370000000000005
C=CC(=O)Nc1ccccc1,CHEMBL2086477,31.629999999999999
C=CCOc1cc(-c2cccc3c(=O)cc(N4CCOCC4)oc23)ccc1NC(=O)CN1CCOCC1,CHEMBL1669161,83.180000000000007
C=CCc1ccccc1OCC(O)CNC(C)C,CHEMBL266195,81.590000000000003
CC,CHEMBL135626,150
CC#C[C@@H](CC(=O)O)c1ccc(OCc2cccc(-c3ccc(C(F)(F)F)cc3)c2)cc1,CHEMBL1829173,15.49
CC#C[C@]1(O)CC[C@H]2[C@@H]3CCC4=CC(=O)CCC4=C3[C@@H](c3ccc(N(C)C)cc3)C[C@@]21C,CHEMBL1276308,26.920000000000002
CC(=O)CC(c1ccccc1)c1c(O)c2ccccc2oc1=O,CHEMBL1464,3
CC(=O)C[C@@H](c1ccccc1)c1c(O)c2ccccc2oc1=O,CHEMBL251074,3
CC(=O)C[C@H](c1ccccc1)c1c(O)c2ccccc2oc1=O,CHEMBL251073,3.4700000000000002
CC(=O)N1N=C(c2ccc(Br)cc2)CC1c1ccc(C)cc1,CHEMBL1209914,30.899999999999999
CC(=O)N[C@@H](CCN)C(=O)N[C@H](C(=O)N[C@@H](CCN)C(=O)N[C@H]1CCNC(=O)[C@H]([C@@H](C)O)NC(=O)[C@H](CCN)NC(=O)[C@H](CCN)NC(=O)[C@H](CC(C)C)NC(=O)[C@@H](Cc2ccccc2)NC(=O)[C@H](CCN)NC1=O)[C@@H](C)O,CHEMBL1091678,3
CC(=O)Nc1ccc(O)cc1,CHEMBL112,8.5549999999999997
CC(=O)Nc1ccc2c(c1)c(-c1cc(NC3CC3)n3ncc(C#N)c3n1)cn2CCCO,CHEMBL2062583,12.300000000000001
CC(=O)Nc1ccc2ccn(-c3cc(NC4COC4)n4ncc(C#N)c4n3)c2c1,CHEMBL2062571,21.879999999999999
CC(=O)Nc1ccc2ccn(-c3cc(Nc4ccn(C)n4)n4ncc(C#N)c4n3)c2c1,CHEMBL2062570,42.659999999999997
CC(=O)Nc1nc(CCc2ccc(NC(=N)N)cc2)cs1,CHEMBL2326864,12.880000000000001
CC(=O)c1cc2ccc(O)cc2oc1=O,CHEMBL153064,150
CC(=O)c1cn(Cc2ccccc2)c(=O)n(Cc2ccc(F)cc2)c1=O,CHEMBL1605684,150
CC(=O)c1ncccc1NC(=O)[C@H]1CC[C@H](N2C(=O)[C@@H]3[C@@H]4CC[C@@H](C4)[C@@H]3C2=O)CC1,CHEMBL1956334,150
CC(C(=O)O)c1ccc(C(=O)c2cccs2)cc1,CHEMBL956,12.885
CC(C(=O)O)c1cccc(C(=O)c2ccccc2)c1,CHEMBL571,28.350000000000001
CC(C(=O)OC1CC[N+](C)(C)CC1)(c1ccccc1)N1CCC(F)(F)CC1,CHEMBL1924032,38
CC(C(=O)O[C@@H]1CC[N+](C)(C)C1)(c1ccccc1)C1CCCC1,CHEMBL1963231,119
CC(C)(C(=O)O)c1ccc(C(O)CCCN2CCC(C(O)(c3ccccc3)c3ccccc3)CC2)cc1,CHEMBL914,3
CC(C)(C)NC(=O)NCCN1CC(NC(=O)c2cc(Cl)cc(Cl)c2)C1,CHEMBL2337977,3.3100000000000001
CC(C)(C)NC(=O)NCCN1CCC(CO)(CNC(=O)c2cc(Cl)cc(Cl)c2)CC1,CHEMBL2337981,7.0800000000000001
CC(C)(C)NC(=O)NCCN1CCN(CC(=O)NC23CC4CC(CC(C4)C2)C3)CC1,CHEMBL2338400,33.880000000000003
CC(C)(C)NC(=O)[C@@H]1CN(Cc2cccnc2)CCN1C[C@@H](O)C[C@@H](Cc1ccccc1)C(=O)N[C@H]1c2ccccc2C[C@H]1O,CHEMBL115,31.965000000000003
CC(C)(C)NC(=O)[C@@H]1C[C@@H]2CCCC[C@@H]2CN1C[C@@H](O)[C@H](Cc1ccccc1)NC(=O)[C@H](CC(N)=O)NC(=O)c1ccc2ccccc2n1,CHEMBL114,87.849999999999994
CC(C)(C)NC(=O)c1ccc(Oc2cc(F)c(CC(=O)O)cc2Cl)c(NS(=O)(=O)c2ccc(C3CC3)cc2Cl)c1,CHEMBL1951575,6
CC(C)(C)NCC(O)COc1nsnc1N1CCOCC1,CHEMBL173706,77.284999999999997
CC(C)(C)NCC(O)c1ccc(O)c(CO)c1,CHEMBL714,12
CC(C)(C)NS(=O)(=O)c1cncc(-c2ccc3nc(N)nn3c2)c1,CHEMBL2059909,20
CC(C)(C)NS(=O)(=O)c1cncc(-c2ccc3nc(NC(=O)NCC(=O)N4CCCC4)nn3c2)c1,CHEMBL2057371,3.895
CC(C)(C)NS(=O)(=O)c1cncc(-c2ccc3nc(NC(=O)NCC(=O)N4CCOCC4)nn3c2)c1,CHEMBL2057372,4.1950000000000003
CC(C)(C)S(=O)(=O)N[C@H]1CC[C@H](C(=O)Nc2ccc(C(F)(F)F)cn2)CC1,CHEMBL2016681,5.75
CC(C)(C)c1cc(NC(=O)NCc2ccccc2Sc2ccc3nnc(-c4ccccc4SCCO)n3c2)n(-c2ccc(O)c(Cl)c2)n1,CHEMBL1938400,47.955000000000005
CC(C)(C)c1ccc(C(O)CCCN2CCC(C(O)(c3ccccc3)c3ccccc3)CC2)cc1,CHEMBL17157,60.884999999999998
CC(C)(C)c1ccc2c(c1)CC[C@H]2NC(=O)Nc1cccc2[nH]ncc12,CHEMBL398338,20.420000000000002
CC(C)(C)c1csc(N2CCN(C(=O)[C@@H]3CCCC[C@H]3C(=O)NC3(C#N)CC3)CC2)n1,CHEMBL2070942,150
CC(C)(CCCCCOCCc1ccccc1)NCCc1ccc(O)c2nc(O)sc12,CHEMBL322479,93.030000000000001
CC(C)(CO)Nc1nc(SCc2cccc(F)c2F)nc2nc(N)sc12,CHEMBL380947,5.8799999999999999
CC(C)(Cc1cccc(CC(=O)NCc2cccc(-c3ccc(O)cc3)c2)c1)NC[C@H](O)c1ccc(O)c(NS(C)(=O)=O)c1,CHEMBL1240967,37
CC(C)(N)C(=O)N[C@H](COCc1ccc(F)cc1F)C(=O)N1CCC2=NN(CC(F)(F)F)C(=O)[C@]2(Cc2ccccn2)C1,CHEMBL109980,15.49
CC(C)(N)C(=O)N[C@H](COCc1ccccc1)C(=O)N1CCC2(CC1)CN(S(C)(=O)=O)c1ccccc12,CHEMBL13817,14.449999999999999
CC(C)(O)c1ccc(Nc2nc3ccc(C#N)cc3[nH]2)cc1,CHEMBL2071614,4.79
CC(C)=CCC[N+]12CCC(CC1)[C@@H](OC(=O)[C@](C)(c1ccccc1)N1CCCCC1)C2,CHEMBL1924046,101
CC(C)C(=O)Nc1nc(-c2ccccn2)cc2ccccc12,CHEMBL335744,61.659999999999997
CC(C)CCOc1ccc(N)cc1,CHEMBL1610669,150
CC(C)CNc1nc(N2CCN(CC3CCCOC3)CC2)ncc1C(=O)NCc1ccccc1,CHEMBL1818218,89.129999999999995
CC(C)COc1cc(-c2cccc3c(=O)cc(N4CCOCC4)oc23)ccc1NC(=O)CN1CCOCC1,CHEMBL1669160,150
CC(C)C[C@H](CO)Nc1nc(SCc2ccccc2)nc2[nH]c(=O)sc12,CHEMBL2349321,13.49
CC(C)C[C@H](CO)Nc1nc(SCc2ccccc2)nc2nc(N)sc12,CHEMBL2349335,20.420000000000002
CC(C)C[C@H](CO)Nc1nc(S[C@@H](C)c2ccccc2F)nc2nc(N)sc12,CHEMBL2349316,30.899999999999999
CC(C)C[C@H](N)C(=O)NC[C@H](O)C[C@@H](N)CC(=O)NN(C)CC(=O)O,CHEMBL312421,3
CC(C)N(CCCNC(=O)Nc1ccc(C(C)(C)C)cc1)C[C@H]1O[C@@H](n2ccc3c(N)ncnc32)[C@H](O)[C@@H]1O,CHEMBL2169919,33.880000000000003
CC(C)N(CCCNC(=O)Nc1ccc(C(C)(C)C)cc1)C[C@H]1O[C@@H](n2cnc3c(N)ncnc32)[C@H](O)[C@@H]1O,CHEMBL2171169,26.920000000000002
CC(C)N(CCNCCc1ccc(O)c2[nH]c(=O)sc12)C(=O)CCOCCc1ccccc1,CHEMBL1800658,99
CC(C)N1CCC(N(C(=O)Cc2ccccc2)c2ccc(Cl)cc2)CC1,CHEMBL87543,28.18
CC(C)N1CCN(Cc2cnc(-c3cc(-c4cccc5[nH]ccc45)cc4[nH]ncc34)o2)CC1,CHEMBL2216859,9.0700000000000003
CC(C)NCC(O)COc1ccc(CCOCC2CC2)cc1,CHEMBL423,7.5
CC(C)NCC(O)COc1ccc(COCCOC(C)C)cc1,CHEMBL645,25.120000000000001
CC(C)NC[C@@H](C(=O)N1CCN(c2ncnc3c2[C@H](C)C[C@H]3O)CC1)c1ccc(Cl)cc1,CHEMBL2177390,3
CC(C)Nc1nc(NCc2ccccc2)c2sccc2n1,CHEMBL1890087,144.53999999999999
CC(C)OC(=O)C(C)(C)Oc1ccc(C(=O)c2ccc(Cl)cc2)cc1,CHEMBL672,54
CC(C)Oc1cc(-c2cccc3c(=O)cc(N4CCOCC4)oc23)ccc1NC(=O)CN1CCOCC1,CHEMBL1669159,87.099999999999994
CC(C)Oc1ccc2c(=O)c(-c3ccccc3)coc2c1,CHEMBL165790,109.65000000000001
CC(C)S(=O)(=O)c1ccc(-c2cnc(N)c(C(=O)Nc3ccccc3)n2)cc1,CHEMBL1766793,20.890000000000001
CC(C)[C@H](C(=O)Nc1nccs1)c1ccc(Cl)cc1,CHEMBL594671,12.02
CC(C)[C@H]1C(=O)N[C@H](CO)Cc2ccccc2N1C,CHEMBL267144,144.53999999999999
CC(C)c1cc(C(=O)N2Cc3ccc(CN4CCN(C)CC4)cc3C2)c(O)cc1O,CHEMBL1214827,23.440000000000001
CC(C)c1ccc(NC(=O)Cn2cnc3c2c(=O)n(C)c(=O)n3C)cc1,CHEMBL1086310,16.600000000000001
CC(C)c1ccc(NC(=O)NCCCSC[C@H]2O[C@@H](n3cnc4c(N)ncnc43)[C@H](O)[C@@H]2O)cc1,CHEMBL2170992,109.65000000000001
CC(C)c1ccc(Sc2cnc(O)c(C(=O)NCc3ccccc3)c2)cc1,CHEMBL2314383,30.899999999999999
CC(C)c1ccccc1Cc1cc(C(=O)Nc2ccc(S(=O)(=O)c3ccccc3C(C)(C)C)cc2)c(O)c(O)c1O,CHEMBL217354,3
CC(C)c1nc2ccc(-c3ccc(F)cc3)cc2c(=O)n1C[C@H]1CCCN(C(C)C)C1,CHEMBL244521,29.510000000000002
CC(C)c1nc2ccccc2n1-c1nc(N2CCOCC2)c2nc(OC3CN(C4CCS(=O)(=O)CC4)C3)n(C)c2n1,CHEMBL2216902,10
CC(C)c1nnc2ccc(-c3ocnc3-c3cc(F)ccc3F)cn12,CHEMBL379866,3
CC(C)n1c(/C=C/C(O)CC(O)CC(=O)O)c(-c2ccc(F)cc2)c2ccccc21,CHEMBL2220442,3
CC(CCc1cccc(OCc2ccc3ccccc3n2)c1)CC(=O)O,CHEMBL318021,104.70999999999999
CC(CO)(CO)Nc1nc(SCc2cccc(F)c2F)nc2nc(N)sc12,CHEMBL389792,5.96
CC(NC(=O)c1cc(O)nc2ccccc12)c1ccccc1,CHEMBL1431736,5.25
CC(NC(C)(C)C)C(=O)c1cccc(Cl)c1,CHEMBL894,44.710000000000001
CC(c1cc2ccccc2s1)N(O)C(N)=O,CHEMBL93,7.7599999999999998
CC/C(=C(/c1ccc(O)cc1)c1ccc(/C=C/C(=O)O)cc1)c1ccccc1,CHEMBL1091137,62.065000000000005
CC/C(=C(\c1ccccc1)c1ccc(/C=C/C(=O)O)cc1)c1ccccc1,CHEMBL33899,107.15000000000001
CC1(C)C(=O)Nc2ccccc21,CHEMBL1643349,3
CC1(C)CCC(c2ccc(Cl)cc2)=C(CN2CCN(c3ccc(C(=O)NS(=O)(=O)c4ccc(N[C@H](CCN5CCOCC5)CSc5ccccc5)c(S(=O)(=O)C(F)(F)F)c4)cc3)CC2)C1,CHEMBL443684,9.7699999999999996
CC1(C)S[C@@H]2[C@H](NC(=O)C(C(=O)O)c3ccccc3)C(=O)N2[C@H]1C(=O)O,CHEMBL1214,3.3900000000000001
CC1(C)S[C@@H]2[C@H](NC(=O)[C@H](N)c3ccc(O)cc3)C(=O)N2[C@H]1C(=O)O,CHEMBL1082,3
CC1(C)[C@@H]2CC[C@@]1(CS(=O)(=O)N1CCN(c3ccc(C#N)cn3)CC1)C(=O)C2,CHEMBL480208,150
CC1(C)[C@@H]2CC[C@@]1(CS(=O)(=O)N1CCN(c3ccc(C(F)(F)F)cn3)CC1)C(=O)C2,CHEMBL464081,141
CC1(C)[C@H](C(=O)O)N2C(=O)C[C@H]2S1(=O)=O,CHEMBL403,3
CC1(C)[C@H](NC(=O)/C(=N\OCc2cc(=O)c(O)cn2O)c2csc(N)n2)C(=O)N1OS(=O)(=O)O,CHEMBL1256967,7.2400000000000002
CC1(CCCc2cc(=O)oc3[nH]c(=O)[nH]c(=O)c23)CC1,CHEMBL2036958,22.829999999999998
CC1(COc2cc(-c3cccc4c(=O)cc(N5CCOCC5)oc34)ccc2NC(=O)CN2CCOCC2)COC1,CHEMBL1669155,95.5
CC1=C(C(=O)O)N2C(=O)[C@@H](NC(=O)[C@H](N)c3ccc(O)cc3)[C@H]2SC1,CHEMBL1644,3
CC1=C(C)C(=O)C(C(CCCCCC(=O)O)c2ccccc2)=C(C)C1=O,CHEMBL70972,85
CC1CCC2C(C)C(=O)OC3OC4(C)CCC1C32OO4,CHEMBL345083,18.199999999999999
CC1CN(S(=O)(=O)c2ccccc2)CCN1Cc1cc(Cl)ccc1OCC(=O)O,CHEMBL1689122,7
CC1CNC(Nc2c(Cl)cccc2Cl)=N1,CHEMBL2058631,3
CC1Cc2ccccc2N1NC(=O)c1ccc(Cl)c(S(N)(=O)=O)c1,CHEMBL406,9.0399999999999991
CC1N=C(N)N=C(N)N1c1ccc(Cl)cc1,CHEMBL93484,3
CC1Sc2c(C(=O)O)c(=O)c3cc(F)c(N4CCNCC4)cc3n21,CHEMBL345937,3
CCC(=C(c1ccc(O)cc1)c1ccc(OCCN(C)C)cc1)c1ccccc1,CHEMBL2137046,56.229999999999997
CCC(=O)NC(c1cccs1)c1cc(Cl)c2cccnc2c1O,CHEMBL1405150,150
CCC(=O)N[C@H]1CC[C@@H](C(=O)N(C)c2ccc(-c3nc4ccccc4o3)cc2)C1,CHEMBL1834184,6.0800000000000001
CCC(=O)O[C@]1(C(=O)SCF)[C@H](C)C[C@H]2[C@@H]3C[C@H](F)C4=CC(=O)C=C[C@]4(C)[C@@]3(F)[C@@H](O)C[C@@]21C,CHEMBL1473,128.57499999999999
CCC(C)(C)C(=O)O[C@H]1C[C@@H](C)C=C2C=C[C@H](C)[C@H](CC[C@@H](O)C[C@@H](O)CC(=O)O)[C@H]21,CHEMBL1201391,46.280000000000001
CCC(C)(C)C[C@H](c1ccc(C(=O)O)c(Oc2cccc(Cl)c2)c1)N1CCC[C@H](n2cc(C)c(=O)[nH]c2=O)C1,CHEMBL2179279,117.48999999999999
CCC(C)(CC)C[C@H](c1ccc(C(=O)O)c(Oc2cccc(Br)c2)c1)N1CCC[C@H](n2cc(C)c(=O)[nH]c2=O)C1,CHEMBL2179282,69.180000000000007
CCC(C)NC(=O)c1c(C)nn(-c2ccccc2)c1NS(=O)(=O)c1ccc(C)cc1,CHEMBL1916280,17.32
CCC(CC)C[C@H](c1ccc(C(=O)O)c(Oc2cccc(Cl)c2)c1)N1CCC[C@H](n2cc(C)c(=O)[nH]c2=O)C1,CHEMBL2179280,36.310000000000002
CCC(CC)NC(=O)c1c(C)nn(-c2ccccc2)c1NS(=O)(=O)c1ccc(C)cc1,CHEMBL1916272,8.245000000000001
CCC(CC)NC(=O)c1c(C)nn(C(C)C)c1NS(=O)(=O)c1ccc(C)cc1,CHEMBL1934266,59.869999999999997
CCC(CC)NC(=O)c1cn(-c2ccccc2)nc1NS(=O)(=O)c1ccc(C)cc1,CHEMBL1916263,7
CCC(CC)NC(=O)c1cnn(-c2ccccc2)c1NS(=O)(=O)C1CCCC1,CHEMBL1916260,5.29
CCC(CC)NC(=O)c1cnn(-c2ccccc2)c1NS(=O)(=O)c1ccc(-c2cnco2)cc1,CHEMBL1916270,52
CCC(CC)NC(=O)c1cnn(-c2ccccc2)c1NS(=O)(=O)c1ccc(C)cc1,CHEMBL1916082,47.909999999999997
CCC(CC)NC(=O)c1cnn(-c2ccccc2Cl)c1NS(=O)(=O)c1ccc(C)cc1,CHEMBL1916264,56
CCC(CC)NC(=O)c1cnn(-c2ccccn2)c1NS(=O)(=O)c1ccc(C)cc1,CHEMBL1916266,9.9499999999999993
CCC(CC)NC(=O)c1cnn(C)c1NS(=O)(=O)c1ccc(C)cc1,CHEMBL1916269,27
CCC(CC)NC(=O)c1cnn(Cc2ccccc2)c1NS(=O)(=O)c1ccc(C)cc1,CHEMBL1916267,12
CCC(CC)NC(=O)c1nnn(-c2ccccc2)c1NS(=O)(=O)c1ccc(C)cc1,CHEMBL1916261,56
CCC(CC)n1nc(C)c(C(=O)N[C@@H](C)C(C)(C)C)c1NS(=O)(=O)c1ccc(C)cc1,CHEMBL1934271,15
CCC(NC(=O)Nc1cc(Cl)ccc1Cl)(C(F)(F)F)C(F)(F)F,CHEMBL1290353,22.91
CCC1(C2=NCCN2)Cc2ccccc2O1,CHEMBL57895,3
CCC1(CCC(C)C)C(=O)N=C(O)NC1=O,CHEMBL267894,11.75
CCC1=C(C)CN(C(=O)NCCc2ccc(S(=O)(=O)NC(=O)N[C@H]3CC[C@H](C)CC3)cc2)C1=O,CHEMBL1481,23.199999999999999
CCCC(=O)Nc1ccc(Cl)c(-c2nc3ncccc3o2)c1,CHEMBL1609158,81
CCCC(=O)Nc1ccc(OCC(O)CNC(C)C)c(C(C)=O)c1,CHEMBL642,6.9199999999999999
CCCC(C)(C)C[C@H](c1ccc(C(=O)O)c(Oc2cccc(Cl)c2)c1)N1CCC[C@H](n2cc(C)c(=O)[nH]c2=O)C1,CHEMBL2179283,52.479999999999997
CCCCC(=O)N(Cc1ccc(-c2ccccc2-c2nnn[nH]2)cc1)[C@H](C(=O)O)C(C)C,CHEMBL1069,3
CCCCC1=NC2(CCCC2)C(=O)N1Cc1ccc(-c2ccccc2-c2nn[nH]n2)cc1,CHEMBL1513,9.7400000000000002
CCCCC1C(=O)N(c2ccccc2)N(c2ccccc2)C1=O,CHEMBL101,8.7100000000000009
CCCCCCCC(=O)N[C@@H](C)C(=O)N[C@H](C(=O)N[C@@H](CCN)C(=O)N[C@H]1CCNC(=O)[C@H]([C@@H](C)O)NC(=O)[C@H](CCN)NC(=O)[C@H](CCN)NC(=O)[C@H](CC(C)C)NC(=O)[C@@H](Cc2ccccc2)NC(=O)[C@H](CCN)NC1=O)[C@@H](C)O,CHEMBL1090630,3
CCCCCCCC(=O)N[C@@H](CCN)C(=O)N[C@@H](C)C(=O)N[C@@H](CCN)C(=O)N[C@H]1CCNC(=O)[C@H]([C@@H](C)O)NC(=O)[C@H](CCN)NC(=O)[C@H](CCN)NC(=O)[C@H](CC(C)C)NC(=O)[C@@H](Cc2ccccc2)NC(=O)[C@H](CCN)NC1=O,CHEMBL1090940,3
CCCCCCCC(=O)N[C@@H](CCN)C(=O)N[C@H](C(=O)N[C@@H](C)C(=O)N[C@H]1CCNC(=O)[C@H]([C@@H](C)O)NC(=O)[C@H](CCN)NC(=O)[C@H](CCN)NC(=O)[C@H](CC(C)C)NC(=O)[C@@H](Cc2ccccc2)NC(=O)[C@H](CCN)NC1=O)[C@@H](C)O,CHEMBL1090941,3
CCCCCCCC(=O)N[C@@H](CCN)C(=O)N[C@H](C(=O)N[C@@H](CCN)C(=O)N[C@H]1CCNC(=O)[C@H](C)NC(=O)[C@H](CCN)NC(=O)[C@H](CCN)NC(=O)[C@H](CC(C)C)NC(=O)[C@@H](Cc2ccccc2)NC(=O)[C@H](CCN)NC1=O)[C@@H](C)O,CHEMBL1091291,3
CCCCCCCC(=O)N[C@@H](CCN)C(=O)N[C@H](C(=O)N[C@@H](CCN)C(=O)N[C@H]1CCNC(=O)[C@H]([C@@H](C)O)NC(=O)[C@H](C)NC(=O)[C@H](CCN)NC(=O)[C@H](CC(C)C)NC(=O)[C@@H](Cc2ccccc2)NC(=O)[C@H](CCN)NC1=O)[C@@H](C)O,CHEMBL1091289,3
CCCCC[C@H](c1ccc(C(=O)O)c(Oc2cccc(Br)c2)c1)N1CCC[C@H](n2cc(C)c(=O)[nH]c2=O)C1,CHEMBL2179281,30.199999999999999
CCCCN(CCNCCc1ccc(O)c2[nH]c(=O)sc12)C(=O)CCOCCc1ccccc1,CHEMBL1800659,87.960000000000008
CCCCN(CCNC[C@H](O)c1ccc(O)c2[nH]c(=O)sc12)C(=O)CCOCCc1ccccc1,CHEMBL1800660,150
CCCCNC(=O)NS(=O)(=O)c1ccc(C)cc1,CHEMBL782,6.46
CCCCNC(=O)c1ccc(Oc2ccc(CC(=O)O)cc2OC)c(NS(=O)(=O)c2ccc(Cl)cc2Cl)c1,CHEMBL589973,3
CCCCNc1cc(C(=O)O)cc(S(N)(=O)=O)c1Oc1ccccc1,CHEMBL1072,144.53999999999999
CCCCOc1nc(N)c2[nH]c(=O)n(Cc3cccc(CC(=O)O)c3)c2n1,CHEMBL1089518,3
CCCCc1oc2ccccc2c1C(=O)c1cc(I)c(OCCN(CC)CC)c(I)c1,CHEMBL633,11
CCCCn1c(SCC(=O)Nc2cc(C)on2)nnc1-c1ccco1,CHEMBL1439884,150
CCCN(CCNCCc1ccc(O)c2[nH]c(=O)sc12)C(=O)CCOCCc1ccccc1,CHEMBL1800657,107
CCCN1CCCC[C@H]1C(=O)Nc1c(C)cccc1C,CHEMBL1077896,15.49
CCCNC(=O)CSc1ccc(S(=O)(=O)N2CCCC2)cn1,CHEMBL2141746,28.975000000000001
CCCNCC(O)COc1ccccc1C(=O)CCc1ccccc1,CHEMBL631,38.020000000000003
CCCS(=O)(=O)N1N=Cc2cc(Cl)ccc2B1O,CHEMBL171951,3
CCCS(=O)(=O)Nc1ccc(F)c(C(=O)c2c[nH]c3ncc(-c4ccc(Cl)cc4)cc23)c1F,CHEMBL1229517,6.6100000000000003
CCCSc1c(C(=O)NC2CCCCC2)cnn1-c1cccc(C(=O)O)c1,CHEMBL2177110,16.98
CCCSc1ccc2nc(NC(=O)OC)[nH]c2c1,CHEMBL1483,47.885000000000005
CCC[C@@H](CNC(=O)c1nc(Cl)c(N)nc1N)[N+](C)(C)CCCc1ccc(OC)cc1,CHEMBL2021706,23.989999999999998
CCC[C@H](CO)Nc1nc(S[C@@H](C)c2cccc(C#N)c2)nc2[nH]c(=O)sc12,CHEMBL2349318,22.390000000000001
CCC[C@H]1CN(Cc2cc(Cl)ccc2OCC(=O)O)CCN1S(=O)(=O)c1ccccc1,CHEMBL1689124,10
CCCc1nc2c(C)cc(-c3nc4ccccc4n3C)cc2n1Cc1ccc(-c2ccccc2C(=O)O)cc1,CHEMBL1017,3.98
CCN(C(=O)Cc1ccc(S(C)(=O)=O)cc1)C1CCN(CC[C@H](c2ccc(S(C)(=O)=O)cc2)c2cc(F)cc(F)c2)CC1,CHEMBL212689,5.79
CCN(C(=O)c1ccc(-c2ccc(Cl)cc2)o1)c1ccc(N2CCNCC2)cc1,CHEMBL2017459,3
CCN(C(=O)c1cnn(-c2ccccc2)c1NS(=O)(=O)c1ccc(-c2cnco2)cc1)C1CCCCC1,CHEMBL1916271,22.25
CCN(CC)CCN1C(=O)C(O)(c2ccccc2Cl)c2c1cc(C(N)=O)cc2C(F)(F)F,CHEMBL369533,15.140000000000001
CCN(CC)CCN1C(=O)[C@@](O)(c2ccccc2Cl)c2c1cc(C(N)=O)cc2C(F)(F)F,CHEMBL360227,33.854999999999997
CCN(CC)CCNc1ncnc2c1sc1nc(N3CCOCC3)c3c(c12)CCCC3,CHEMBL1389370,26.300000000000001
CCN(CC)CCn1c2ccccc2c2cnc(N)c(C#N)c21,CHEMBL1573309,77
CCN(CC)Cc1cc(Nc2ccnc3cc(Cl)ccc23)ccc1O,CHEMBL682,32.359999999999999
CCN(CC)S(=O)(=O)c1ccc(-c2nnc(SCC(=O)N3CCc4ccccc43)o2)cc1,CHEMBL1703518,150
CCN(CC)c1ccc2cc(C(C)=O)c(=O)oc2c1,CHEMBL379350,150
CCN(CCNCCc1ccc(O)c2[nH]c(=O)sc12)C(=O)CCOCCc1ccccc1,CHEMBL1800656,135
CCN(Cc1cc(C(F)(F)F)ccc1-c1cc(CC(=O)O)ccc1OC)C(=O)NCc1ccccc1,CHEMBL2181753,21.66
CCN1CCN(C(=O)N[C@@H](C(=O)N[C@@H]2C(=O)N3C(C(=O)O)=C(CSc4nnnn4C)CS[C@H]23)c2ccc(O)cc2)C(=O)C1=O,CHEMBL507674,3
CCN1CCN(c2ccc(Nc3cc(N(C)C(=O)Nc4c(Cl)c(OC)cc(OC)c4Cl)ncn3)cc2)CC1,CHEMBL1852688,57.969999999999999
CCNC(=O)C[C@@H]1N=C(c2ccc(Cl)cc2)c2cc(OC)ccc2-n2c(C)nnc21,CHEMBL1232461,6.6150000000000002
CCNC(=O)C[C@H]1N=C(c2ccc(Cl)cc2)c2cc(OC)ccc2-n2c(C)nnc21,CHEMBL2153435,6.3099999999999996
CCNC(=O)OC1CCN(c2nncc3cc(OC)c(OC)cc23)CC1,CHEMBL77131,49.224999999999994
CCNC(=O)c1ccc(C)c(-n2cnc3ccc(N4CCN(C)CC4)cc3c2=O)c1,CHEMBL2031467,3
CCNC(=O)c1cnc(N2CCN(C3CCN(Cc4ccc(Cl)cc4F)CC3)[C@@H](CC)C2)c(Cl)c1,CHEMBL1681882,38
CCO/N=C/c1ccc(OCCC2CCN(c3ccc(C)nn3)CC2)cc1,CHEMBL108922,26
CCOC(=O)/C=C/[C@H](C[C@@H]1CCNC1=O)NC(=O)[C@@H](CC(=O)[C@@H](NC(=O)c1cc(C)on1)C(C)C)Cc1ccc(F)cc1,CHEMBL20210,95.370000000000005
CCOC(=O)C1=C(C)NC(C)=C(C(=O)OC)C1c1cccc([N+](=O)[O-])c1,CHEMBL475534,75
CCOC(=O)C1=C(C)NC(C)=C(C(C)=O)[C@H]1c1cccc2c(=O)cc(C)oc12,CHEMBL2181926,75.209999999999994
CCOC(=O)C1=C(C)NC2=C(C(=O)CC(C)(C)C2)C1c1ccc(-c2ccccc2)cc1,CHEMBL2180273,117.48999999999999
CCOC(=O)CN(c1ccccc1C)S(=O)(=O)c1ccc(Cl)cc1,CHEMBL1536083,150
CCOC(=O)c1c(-c2ccccc2)nc2cc(C)ccn12,CHEMBL1468936,147.91
CCOC(=O)c1c(-c2ccccc2)nc2ccc(C)cn12,CHEMBL415506,125.89
CCOC(=O)c1c(C)n(Cc2ccco2)c2ccc(O)cc12,CHEMBL1486510,150
CCOC(=O)c1ccc(OCCC2CCN(c3ccc(C)nn3)CC2)cc1,CHEMBL298019,150
CCOC(=O)c1cnc2c(N)cccc2c1O,CHEMBL103482,150
CCOc1cc(-c2cccc3c(=O)cc(N4CCOCC4)oc23)ccc1NC(=O)CN1CCOCC1,CHEMBL1669158,51.289999999999999
CCOc1cc(CC(=O)N[C@@H](CC(C)C)c2ccccc2N2CCCCC2)ccc1C(=O)O,CHEMBL1272,29.510000000000002
CCOc1cc(Nc2nc3c(cc2F)ncn3[C@@H](CO)c2ccc(F)cn2)n[nH]1,CHEMBL2151325,30.199999999999999
CCOc1cc2ncc(C(N)=O)c(Nc3ccc(C)cc3F)c2cc1N1CCN(C)CC1,CHEMBL521096,12
CCOc1ccc(-c2ccc(Cn3c(CC(C)(C)C(=O)O)c(SC(C)(C)C)c4cc(OCc5ccc(C)cn5)ccc43)cc2)cn1,CHEMBL1922660,6.9199999999999999
CCOc1ccc(-n2c([C@@H](C)N(CC3CCN(C)CC3)C(=O)Cc3ccc(F)c(C(F)(F)F)c3)nc3ncccc3c2=O)cc1,CHEMBL1077827,19.949999999999999
CCOc1ccc(-n2c([C@@H](C)N(Cc3cccnc3)C(=O)Cc3ccc(C(F)(F)F)cc3)nc3ccccc3c2=O)cc1,CHEMBL436826,43.359999999999999
CCOc1ccc(-n2c([C@@H](C)N(Cc3cccnc3)C(=O)Cc3ccc(OC(F)(F)F)cc3)nc3ncccc3c2=O)cc1,CHEMBL397983,20
CCOc1ccc(CCNCCCSCCNC[C@H](O)c2ccc(O)c3[nH]c(=O)sc23)cc1,CHEMBL1807825,8
CCOc1ccc(NC(=O)CCc2c(C)nc3nc(C)nn3c2C)cc1,CHEMBL1399574,4.1699999999999999
CCOc1ccc(NC(C)=O)cc1,CHEMBL16073,26.920000000000002
CCOc1ccc2ccc(=O)oc2c1,CHEMBL191528,50.024999999999991
CCOc1ccc2nc(N)sc2c1,CHEMBL565755,43.074999999999996
CCOc1ccc2nc3ccc(=O)cc-3oc2c1,CHEMBL1080002,150
CCOc1ccc2oc(C(=O)NC(CCSC)c3nc4ccccc4[nH]3)c(C)c2c1,CHEMBL1770297,27
CCOc1ccc2oc(C(=O)NC(CCSC)c3nc4cnccc4[nH]3)c(C)c2c1,CHEMBL1770476,21
CCOc1ccc2oc(C(=O)NC(CCSC)c3nc4ncccc4[nH]3)c(C)c2c1,CHEMBL1770477,46
CCOc1nc2ccc(OCCC3CCN(c4ccc(C)nn4)CC3)cc2o1,CHEMBL426823,4
CCOc1nc2cccc(C(=O)O)c2n1Cc1ccc(-c2ccccc2-c2nnn[nH]2)cc1,CHEMBL1016,3
CCOc1ncc(C)c2c1[C@H](c1ccc(C#N)cc1OC)C(C(N)=O)=C(C)N2,CHEMBL2181927,15.800000000000001
CCOc1noc2cc(OCCC3CCN(c4ccc(C)nn4)CC3)ccc12,CHEMBL2062774,18.82
CCS(=O)(=O)CCCC12CCC(c3nnc(-c4ccccc4C(F)(F)F)n3C)(CC1)CC2,CHEMBL1761322,3
CCS(=O)(=O)Nc1cccc2c1c(Oc1ccc(Cl)cc1)c(C)n2CC(=O)O,CHEMBL1917459,3
CCS(=O)(=O)c1ccc(-c2cc(C(F)(F)F)ccc2OCC(=O)O)c(C)c1,CHEMBL1778639,3.5
CCS(=O)(=O)c1ccc(-c2cc(Cl)ccc2OCC(=O)O)c(F)c1,CHEMBL1778644,3.6200000000000001
CCS(=O)(=O)c1ccc(Oc2c(C)n(CC(=O)O)c3ccc(C(F)(F)F)cc23)cc1,CHEMBL1917458,3
CCS(=O)(=O)c1ccc2[nH]c(-c3cccc(-c4ccccc4)c3)nc2c1,CHEMBL2070137,24.550000000000001
CC[C@@H](Nc1c(Nc2cccc(C(=O)N(C)C)c2O)c(=O)c1=O)c1ccc(C)o1,CHEMBL216981,75.930000000000007
CC[C@@H](Nc1c(Nc2cccc(C(=O)N(C)C)c2O)c(=O)c1=O)c1ccccc1,CHEMBL254370,65
CC[C@@]1(O)C(=O)OCc2c1cc1n(c2=O)Cc2cc3c(CN(C)C)c(O)ccc3nc2-1,CHEMBL84,3.2400000000000002
CC[C@H](C)C(=O)O[C@H]1C[C@H](O)C=C2C=C[C@H](C)[C@H](CC[C@@H](O)C[C@@H](O)CC(=O)O)[C@H]21,CHEMBL1144,14.99
CC[C@H](CO)Nc1nc(NCc2ccccc2)c2ncn(C(C)C)c2n1,CHEMBL14762,107.15000000000001
CC[C@H](CO)Nc1nc(SCc2cccc(F)c2F)nc2nc(N)sc12,CHEMBL380732,5.1600000000000001
CC[C@H](CO)Nc1nc(SCc2ccccc2)nc2[nH]c(=O)sc12,CHEMBL2349334,10
CC[C@H](N)C(=O)N[C@H](C#N)Cc1ccc(-c2ccccc2)cc1,CHEMBL212521,91
CC[C@H](Nc1ncnc2[nH]cnc12)c1nc2cccc(F)c2c(=O)n1-c1ccccc1,CHEMBL2216870,12.375
CC[C@H]1CN(Cc2cc(Cl)ccc2OCC(=O)O)CCN1S(=O)(=O)c1ccccc1,CHEMBL1689123,4
CCc1[nH]c2nc(Sc3cnc4ccc[n+]([O-])c4c3)nc(N3CC[C@@H](N)C3)c2c1Cl,CHEMBL2331843,112.2
CCc1[nH]c2nc(Sc3cnc4ccc[n+]([O-])c4c3)nc(N3C[C@@H]4[C@@H](N)[C@@H]4C3)c2c1Cl,CHEMBL2338020,58.880000000000003
CCc1c(C(=O)C(N)=O)c2c(OCC(=O)OC)cccc2n1Cc1ccccc1,CHEMBL2105659,50.119999999999997
CCc1c(C)nc(SCC(=O)Nc2nc(-c3ccc(OC)cc3)cs2)nc1O,CHEMBL1299863,66.069999999999993
CCc1c2c(nc3ccc(O)cc13)-c1cc3c(c(=O)n1C2)COC(=O)[C@]3(O)CC,CHEMBL837,23.989999999999998
CCc1c2c(nc3ccc(OC(=O)N4CCC(N5CCCCC5)CC4)cc13)-c1cc3c(c(=O)n1C2)COC(=O)[C@]3(O)CC,CHEMBL481,3
CCc1cc2c(cc1N1CCC(N3CCOCC3)CC1)C(C)(C)c1[nH]c3cc(C#N)ccc3c1C2=O,CHEMBL1738797,5.0099999999999998
CCc1cccc2c1N(C)Cc1cc3c(cc1-2)OCO3,CHEMBL223713,150
CCc1cccc2cc(C(O)CNC(C)(C)C)oc12,CHEMBL296035,79.355000000000004
CCc1cnn2c(NCc3ccc[n+]([O-])c3)cc(N3CCCC[C@H]3CCO)nc12,CHEMBL2103840,150
CCc1nc2cc(O)ccc2c(Oc2ccc(/C=C/C(=O)O)cc2)c1-c1ccccc1,CHEMBL370492,70.614999999999995
CCc1nc2ccc(C(=O)NCc3ccc4c(c3)OCO4)cn2c1N(C)Cc1cccs1,CHEMBL2139925,150
CCc1nn(C2CCCC2)c2c1CCn1c(-c3cccs3)nnc1-2,CHEMBL217899,39.5
CCn1c(C)c(C(=O)O)c(-c2cccc(N3CCN(c4ccc(NS(=O)(=O)c5ccc(N[C@H](CCN6CCC(O)CC6)CSc6ccccc6)c(S(=O)(=O)C(F)(F)F)c5)cc4)CC3)c2)c1-c1ccc(Cl)cc1,CHEMBL2170837,17.379999999999999
CCn1c(SCC(=O)Nc2cc(C)on2)nnc1-c1ccccc1,CHEMBL1302675,150
CCn1c(SCC(=O)Nc2cc(C)on2)nnc1-c1cccnc1,CHEMBL1363924,75.859999999999999
CCn1c(SCC(=O)Nc2cccc(C)c2)nnc1-c1ccccc1,CHEMBL585640,150
CCn1cc(C(=O)O)c(=O)c2ccc(C)nc21,CHEMBL5,3.46
CCn1nc(C)c(C(=O)N[C@@H](C)C(C)(C)C)c1NS(=O)(=O)c1ccc(C)cc1,CHEMBL1934268,5.5
CN(C)C(=O)C(CCN1CCC(O)(c2ccc(Cl)cc2)CC1)(c1ccccc1)c1ccccc1,CHEMBL841,52.5
CN(C)C(C)(C(=O)OC1CC[N+](C)(C)CC1)c1ccccc1,CHEMBL1924034,16
CN(C)CCC(c1ccc(Cl)cc1)c1ccccn1,CHEMBL505,23
CN(C)CCCN1c2ccccc2CCc2ccccc21,CHEMBL11,77.810000000000002
CN(C)CCCN1c2ccccc2Sc2ccc(Cl)cc21,CHEMBL71,82.224999999999994
CN(C)CCCOc1nn(Cc2ccccc2)c2ccccc12,CHEMBL12610,78.879999999999995
CN(C)CCNc1cc(-c2ccc(N3CCN(C)CC3)cc2)nc2ccccc12,CHEMBL280148,3
CN(C)CCNc1cc(-c2ccccc2)nc2cc(-c3ccc(F)cc3)nn12,CHEMBL1857945,23.989999999999998
CN(C)CCOc1cc(NS(=O)(=O)c2c(Cl)cc(C(F)(F)F)cc2Cl)ccc1Cl,CHEMBL1164033,12.880000000000001
CN(C)CC[C@H](CSc1ccccc1)Nc1ccc(S(=O)(=O)NC(=O)c2ccc(N3CCN(Cc4ccccc4-c4ccc(Cl)cc4)CC3)cc2)cc1[N+](=O)[O-],CHEMBL376408,9.5500000000000007
CN(C)N(C)C(=O)[C@@]1(Cc2ccccc2)CCCN(C(=O)[C@@H](Cc2c[nH]c3ccccc23)NC(=O)C(C)(C)N)C1,CHEMBL2110579,8.9100000000000001
CN(C)S(=O)(=O)NC(=O)CCCc1c(-c2ccc(F)cc2)[nH]c2ccc(C#N)cc12,CHEMBL403313,23.5
CN(C)c1nc(Cc2ccc(NC(=O)c3ccc(C(F)(F)F)cc3)cc2)nc(N(C)C)c1CC(=O)O,CHEMBL551813,11.545
CN(C)c1nc(NC[C@H]2CC[C@H](CNS(=O)(=O)c3ccc(Br)cc3OC(F)(F)F)CC2)nc2ccccc12,CHEMBL1188966,50.119999999999997
CN(CC(=O)N(Cc1ccc(C2CCCCC2)cc1)c1ccc(C(=O)O)c(O)c1)S(=O)(=O)c1c(F)c(F)c(F)c(F)c1F,CHEMBL1829876,74.129999999999995
CN(CC(=O)O)NC(=O)C[C@H](N)C[C@@H](O)CN,CHEMBL78628,3
CN(CCCOCCOCCc1ccccc1)CCc1ccc(O)c2nc(O)sc12,CHEMBL110999,150
CN(CCNCCc1ccc(O)c2nc(O)sc12)C(=O)CCOCCc1ccccc1,CHEMBL323776,140
CN(CCNC[C@H](O)c1ccc(O)c2[nH]c(=O)sc12)C(=O)CCOCCc1ccccc1,CHEMBL1800472,43
CN(CCOc1ccc(NS(C)(=O)=O)cc1)CCc1ccc(NS(C)(=O)=O)cc1,CHEMBL473,8.9299999999999997
CN(CCc1ccc(O)c2nc(O)sc12)CCN(C)C(=O)CCOCCc1ccccc1,CHEMBL111732,150
CN(c1ccnc(Nc2cc(N3CCOCC3)cc(N3CCOCC3)c2)n1)c1cccc2[nH]ncc12,CHEMBL1269858,51.289999999999999
CN1C(=O)CN=C(c2ccccc2)c2cc(Cl)ccc21,CHEMBL12,6.1699999999999999
CN1C(=O)CN=C(c2ccccc2F)c2cc([N+](=O)[O-])ccc21,CHEMBL13280,5.0099999999999998
CN1CCC(Oc2cccc3ncnc(Nc4ccc(OCc5ccccn5)c(Cl)c4)c23)CC1,CHEMBL193544,11
CN1CCC[C@H]1CCN1CCCc2cc(NC(=N)c3cccs3)ccc21,CHEMBL1956112,40.740000000000002
CN1CCN(CC(=O)N2c3ccccc3C(=O)Nc3cccnc32)CC1,CHEMBL9967,6.7599999999999998
CN1CCN(CCOc2n[nH]c3ncnc(Nc4ccc(OCc5ccccn5)c(Cl)c4)c23)CC1,CHEMBL258282,13.49
CN1CCN(c2ccc(-c3cnc4cccc(-c5cc(F)c(CN6CCOCC6)c(F)c5)c4n3)cc2)CC1,CHEMBL1089773,14.449999999999999
CN1CCN(c2nc3ccccc3cc2Cn2nc(-c3ccc4nc(N)sc4c3)c3c(N)ncnc32)CC1,CHEMBL1213118,44.295000000000002
CNC(=O)Cc1ccc2c(=O)cc(-c3cccnc3)[nH]c2c1,CHEMBL1645494,3
CNC(=O)Nc1nc2ccc(-c3cncc(S(=O)(=O)NC(C)(C)C)c3)cn2n1,CHEMBL2059910,3
CNC(=O)c1c(F)cccc1Nc1nc(Nc2cc3c(cc2OC)CCN3C(=O)CN(C)C)nc2[nH]ccc12,CHEMBL464552,21.879999999999999
CNC(=O)c1ccc(C)c(-n2c(C)cc(OCc3ccc(F)cc3F)c(Br)c2=O)c1,CHEMBL1088751,3
CNC(=O)c1ccccc1Nc1nc(Nc2ccc(N3CCOCC3)cc2OC)ncc1Cl,CHEMBL458997,16.219999999999999
CNC(=O)c1cnn(-c2ccccc2)c1NS(=O)(=O)c1ccc(C)cc1,CHEMBL1916083,64
CNC(=O)c1nc(-c2ccc(Cl)c(S(=O)(=O)Nc3cccc(F)c3F)c2)cnc1N,CHEMBL2152252,19.949999999999999
CNC1=Nc2ccc(Cl)cc2C(c2ccccc2)=[N+]([O-])C1,CHEMBL451,3.8900000000000001
CNCCC=C1c2ccccc2CCc2ccccc21,CHEMBL445,144
CNCCCN1c2ccccc2CCc2ccccc21,CHEMBL72,78.459999999999994
CNCC[C@@H](Oc1cc(Cl)ccc1C#N)c1ccccc1,CHEMBL1789178,150
CNCC[C@@H](Oc1cc(OC)ccc1C#N)c1ccccc1,CHEMBL1789274,142
CNCc1ccc(-c2[nH]c3cc(F)cc4c3c2CCNC4=O)cc1,CHEMBL1173055,12.02
CN[C@@H](C)C(=O)N[C@H](C(=O)N1CC[C@H]2CCN(CCc3ccccc3)C[C@H]21)C1CCCCC1,CHEMBL1950720,10.470000000000001
CN[C@@H](C)C(=O)N[C@H](C(=O)N1CC[C@H]2CC[C@H](NC(=O)c3cccc4ccccc34)[C@H]21)C(C)(C)C,CHEMBL511444,12.02
CN[C@@H](C)C(=O)N[C@H](C(=O)N[C@H]1C[C@@H]2CC[C@H]1N(CCc1ccccc1)C2)C1CCCCC1,CHEMBL1950864,19.949999999999999
CN[C@@H](C)C(=O)N[C@H]1CN(C(=O)CC(C)C)CC[C@H]2CC[C@@H](C(=O)NC(c3ccccc3)c3ccccc3)N2C1=O,CHEMBL2158051,16.98
CNc1nc(C)c(-c2nc(Nc3cccc(N4CCCCC4)c3)ncc2C#N)s1,CHEMBL2348645,150
CNc1nc(C)c(-c2nc(Nc3cccc(N4CCCN(C(C)=O)CC4)c3)ncc2C#N)s1,CHEMBL2348651,150
CNc1nc(C)c(-c2nc(Nc3cccc(N4CCCNCC4)c3)ncc2C#N)s1,CHEMBL2312185,19.5
CNc1nc(C)c(-c2nc(Nc3cccc(N4CCNCC4)c3)ncc2C#N)s1,CHEMBL2348642,12.300000000000001
CNc1ncnc2c(CNc3cc(NC(=O)c4ccc5c(c4)OCCO5)ccc3C)cccc12,CHEMBL1257599,41.689999999999998
COC(=O)C1=C(C)NC(C)=C(C(=O)OC(C)C)[C@@H]1c1cccc2nonc12,CHEMBL399539,137.94499999999999
COC(=O)C1=C(C)NC(C)=C(C(=O)OC)C1c1ccccc1[N+](=O)[O-],CHEMBL193,86.194999999999993
COC(=O)C1=C(C)NC(C)=C(C(=O)OCCN(C)Cc2ccccc2)C1c1cccc([N+](=O)[O-])c1,CHEMBL1484,150
COC(=O)C1=C(C)NC2=C(C(=O)CC(C)(C)C2)C1c1ccc(-c2ccc(C(F)(F)F)cc2)cc1,CHEMBL2180612,12.300000000000001
COC(=O)c1ccc(C)c(NS(=O)(=O)c2ccc3c(c2)c(=O)sn3C)c1,CHEMBL492234,150
COC1=CC(c2cc3ccccc3[nH]2)=N/C1=C\c1[nH]c(C)cc1C,CHEMBL408194,22.390000000000001
COCC(C)n1nc(C)c(C(=O)N[C@@H](C)C(C)(C)C)c1NS(=O)(=O)c1ccc(C)cc1,CHEMBL1934416,3
COCC1=C(C(=O)O)N2C(=O)[C@@H](NC(=O)/C(=N\OC)c3csc(N)n3)[C@H]2SC1,CHEMBL1672,3
COCC1=C(C(=O)OC(C)OC(=O)OC(C)C)N2C(=O)[C@@H](NC(=O)/C(=N\OC)c3csc(N)n3)[C@H]2SC1,CHEMBL1201016,114.81999999999999
COCCC(C)n1nc(C)c(C(=O)N[C@@H](C)C(C)(C)C)c1NS(=O)(=O)c1ccc(C)cc1,CHEMBL1934417,9.9000000000000004
COCCN(C)c1ccc(Nc2ncc3cc(-c4ccncc4)ccc3n2)cc1,CHEMBL2335890,40.740000000000002
COCCNc1nc(NCc2ccccc2F)c2sccc2n1,CHEMBL1868114,147.91
COCCOc1cc(-c2cccc3c(=O)cc(N4CCOCC4)oc23)ccc1NC(=O)CN1CCOCC1,CHEMBL1669163,43.649999999999999
COCCOc1nc(N)c2[nH]c(=O)n(Cc3cccc(CC(=O)OC)c3)c2n1,CHEMBL1089517,125
COC[C@@H](O)Cn1c(=O)cnn(-c2ccc(Cl)c(C(=O)NCC3(O)CCCCCC3)c2)c1=O,CHEMBL1779512,5.5
COC[C@H](O)Cn1c(=O)cnn(-c2ccc(Cl)c(C(=O)NCC3(O)CCCCCC3)c2)c1=O,CHEMBL1823817,4
COCc1c(C(C)C)nc(C(C)C)c(/C=C/[C@@H](O)C[C@@H](O)CC(=O)O)c1-c1ccc(F)cc1,CHEMBL1477,10.359999999999999
COCc1ccoc1C(=O)N(c1ccc(OC)cc1OC)C(C(=O)NC[C@@H](C)O)c1ccccc1F,CHEMBL469727,34.5
CO[C@H]1/C=C/O[C@@]2(C)Oc3c(C)c(O)c4c(O)c(cc(O)c4c3C2=O)NC(=O)/C(C)=C\C=C\[C@H](C)[C@H](O)[C@@H](C)[C@@H](O)[C@@H](C)[C@H](OC(C)=O)[C@@H]1C,CHEMBL437765,3
CO[C@H]1CC[C@]2(CC1)Cc1ccc(-c3cc(Cl)cc(C#N)c3)cc1C21N=C(C)C(N)=N1,CHEMBL2152915,12.59
CO[C@H]1CC[C@]2(CC1)Cc1ccc(OCC(C)C)cc1C21N=C(C)C(N)=N1,CHEMBL2152917,7.2400000000000002
CO[C@H]1C[C@@H]2CC[C@@H](C)[C@@](O)(O2)C(=O)C(=O)N2CCCC[C@H]2C(=O)O[C@H]([C@H](C)C[C@@H]2CC[C@@H](OC(=O)C(C)(CO)CO)[C@H](OC)C2)CC(=O)[C@H](C)/C=C(\C)[C@@H](O)[C@@H](OC)C(=O)[C@H](C)C[C@H](C)/C=C/C=C/C=C/1C,CHEMBL1201182,150
COc1c(C)c2c(c(O)c1C/C=C(\C)CCC(=O)O)C(=O)OC2,CHEMBL866,14.789999999999999
COc1c(Nc2ccc(S(C)(=O)=O)nc2C)ncnc1OC1CCN(C(=O)OC(C)C)CC1,CHEMBL1951032,6.3099999999999996
COc1c2occc2cc2ccc(=O)oc12,CHEMBL416,52
COc1cc(-c2ccc(Nc3ccccc3C(=O)O)c(OC)c2)ccc1Nc1ccccc1C(=O)O,CHEMBL1340633,31.620000000000001
COc1cc(-c2cccc3c(=O)cc(N4CCOCC4)oc23)ccc1NC(=O)CN1CCOCC1,CHEMBL1669156,27.539999999999999
COc1cc(-n2cnc3cc(-c4ccc(Cl)cc4)sc3c2=O)ccc1OC[C@H](O)C1CC1,CHEMBL2147474,16.34
COc1cc(-n2cnc3cc(-c4ccc(Cl)cc4)sc3c2=O)ccc1OC[C@H](OP(=O)(O)O)C1CC1,CHEMBL2147475,12.300000000000001
COc1cc(C(=O)OCCCCNC(=N)N)cc(OC)c1O,CHEMBL1290284,138.03999999999999
COc1cc(C(CO)CO)ccc1Nc1ncc(Cl)c(-c2cnc3ccccn23)n1,CHEMBL1809057,19.949999999999999
COc1cc(C2CCN(C(C)=O)CC2)ccc1Nc1ncc(Cl)c(-c2cnc3ccccn23)n1,CHEMBL1809045,23.989999999999998
COc1cc(N2CC3CNCC(C2)O3)ccc1Nc1ncc(Cl)c(-c2cnc3ccccn23)n1,CHEMBL1809058,13.800000000000001
COc1cc(N2CCN(C(=O)CO)CC2)ccc1Nc1ncc(Cl)c(-c2cnc3ccccn23)n1,CHEMBL1809069,12.300000000000001
COc1cc(N2CCN(C(=O)[C@@H](C)O)CC2)ccc1Nc1ncc(Cl)c(-c2cnc3ccccn23)n1,CHEMBL1809071,12.59
COc1cc(NC(=O)Nc2cccc(CNC(=O)O[C@H]3CCOC3)c2)ccc1-c1cnco1,CHEMBL304087,13
COc1cc(NC(=O)c2ccccn2)ccc1Cl,CHEMBL562551,150
COc1cc(Nc2nc3c(cc2F)ncn3[C@@H](CO)c2ccc(F)cn2)n[nH]1,CHEMBL2151326,27.539999999999999
COc1cc(O)c(C(CC(=O)N2CC(C)CC(C)C2)c2ccc3c(c2)OCO3)c(OC)c1,CHEMBL2312113,150
COc1cc2c(Nc3ccc(F)c(Cl)c3)c(C(N)=O)cnc2cc1OCCN(C)CCO,CHEMBL481230,12.59
COc1cc2c(cc1-c1c(C)noc1C)ncc1[nH]c(=O)n([C@H](C)c3ccccn3)c12,CHEMBL2017291,3.3150000000000004
COc1cc2c(ccc(=O)n2CCN2CCC(NCc3cc4c(cn3)OCCO4)CC2)cn1,CHEMBL1916546,35.479999999999997
COc1cc2cc(-c3ccc(O)cc3O)nc(C)c2cc1OC,CHEMBL1549615,150
COc1cc2nc(N3CCN(C(=O)c4ccco4)CC3)nc(N)c2cc1OC,CHEMBL2,8.6950000000000003
COc1cc2ncnc(Nc3cc4ccccc4cn3)c2cc1OC,CHEMBL91428,3
COc1cc2ncnc(Nc3ccc(F)c(Cl)c3)c2cc1NC(=O)/C=C/CN1CCCCC1,CHEMBL2110732,6.3849999999999998
COc1cc2nnc(C(N)=O)c(Nc3ccc(F)cc3F)c2cc1N1CCN(C)CC1,CHEMBL1683035,16
COc1ccc(-c2cc3c(C)nc(N)nc3n([C@H]3CC[C@H](OCCO)CC3)c2=O)cn1,CHEMBL1234354,6.8600000000000003
COc1ccc(-c2ccc3c(N4CCOC[C@@H]4C)nc(N4CCOC[C@@H]4C)nc3n2)cc1C(=O)N(C)C,CHEMBL2336322,4.2699999999999996
COc1ccc(-c2ccc3c(N4CCOC[C@@H]4C)nc(N4CCOC[C@@H]4C)nc3n2)cc1C(C)O,CHEMBL2336319,38.020000000000003
COc1ccc(-c2nc(O)c3ccccc3n2)cc1,CHEMBL336718,150
COc1ccc(-c2nc3c(NCCCN(C)C(=O)C4CCC4)c(Br)cnc3[nH]2)cc1,CHEMBL2011934,138.03999999999999
COc1ccc(/C=C2\NC(=O)NC2=O)cc1,CHEMBL38043,39.810000000000002
COc1ccc(C#Cc2ccc([C@@H]3[C@H](CO)N4CCCCN(C(=O)Nc5cccc(F)c5)C[C@@H]34)cc2)cc1,CHEMBL2361207,18.199999999999999
COc1ccc(C(=O)NCc2cn(-c3cc(C)nc4ccc(OC)cc34)nn2)cc1,CHEMBL1783119,13.800000000000001
COc1ccc(C)c(Nc2ncc3ccn(-c4ccccn4)c3n2)c1,CHEMBL377957,92.754999999999995
COc1ccc(C2CC(c3ccc(Br)cc3)=NN2C(C)=O)cc1,CHEMBL1209915,16.600000000000001
COc1ccc(CC(=O)NC(N/C(=N/C#N)Nc2ccccc2C)C(C)(C)C)cc1OC,CHEMBL255536,26
COc1ccc(CC(=O)Nc2nc3ccccc3[nH]2)cc1,CHEMBL1472189,12.880000000000001
COc1ccc(CC(C)(C)NC[C@H](O)c2cc(O)cc3c2OCC(=O)N3)cc1,CHEMBL605846,14
COc1ccc(CCN(C)CCCC(C#N)(c2ccc(OC)c(OC)c2)C(C)C)cc1OC,CHEMBL6966,65.504999999999995
COc1ccc(CCN2C(=O)N(NS(C)(=O)=O)C[C@@H]2c2ccc(OC)cc2)cc1,CHEMBL569184,19.050000000000001
COc1ccc(CCN2C(=O)N(NS(C)(=O)=O)C[C@H]2c2ccc(OC)cc2)cc1,CHEMBL569185,21.879999999999999
COc1ccc(CCO[C@@H]2CCCC[C@H]2N2CC[C@@H](O)C2)cc1OC,CHEMBL2111112,6.46
COc1ccc(CNC(=O)CSc2nc3cccnc3s2)cc1,CHEMBL1575409,105.13
COc1ccc(CNC(=O)Nc2ncc([N+](=O)[O-])s2)cc1,CHEMBL259850,91
COc1ccc(CNCc2cccc(CCNC[C@H](O)c3ccc(O)c4[nH]c(=O)sc34)c2)cc1,CHEMBL1945289,13
COc1ccc(COc2nc(Br)cnc2NS(=O)(=O)c2ccc(C)cc2)cc1OCCN(C)C,CHEMBL2018954,31
COc1ccc(C[C@@H](C)NC[C@H](O)c2ccc(O)c(NC=O)c2)cc1,CHEMBL1363,3.9100000000000001
COc1ccc(Cc2c(N)n[nH]c2N)cc1,CHEMBL284275,3.6299999999999999
COc1ccc(Cl)cc1C(=O)NCCc1ccc(S(=O)(=O)NC(=O)NC2CCCCC2)cc1,CHEMBL472,14.449999999999999
COc1ccc(N(C(=O)Oc2c(C)cccc2C)c2ccnc(Nc3ccc(N4CCN(C)CC4)cc3)n2)c(OC)c1,CHEMBL213100,35.479999999999997
COc1ccc(N(C(=O)c2ccccc2)C(C(=O)NC2CCCC2)c2ccccc2F)c(OC)c1,CHEMBL471412,150
COc1ccc(N(C(=O)c2ccccc2)C(C(=O)NC[C@@H](C)O)c2ccccc2F)c(OC)c1,CHEMBL511782,150
COc1ccc(N(C(=O)c2ccco2)C(C(=O)NC2CCCC2)c2ccccc2F)c(OC)c1,CHEMBL472455,150
COc1ccc(N(C(=O)c2ccoc2Cl)C(C(=O)NC[C@@H](C)O)c2ccccc2F)c(OC)c1,CHEMBL513370,33
COc1ccc(N(C(=O)c2occc2C)C(C(=O)NC[C@@H](C)O)c2ccccc2F)c(OC)c1,CHEMBL513412,87
COc1ccc(N(C(=O)c2occc2CO)C(C(=O)NC[C@@H](C)O)c2ccccc2F)c(OC)c1,CHEMBL459353,8
COc1ccc(N(C(=O)c2occc2Cl)C(C(=O)NC[C@@H](C)O)c2ccccc2F)c(OC)c1,CHEMBL469728,59
COc1ccc(N(C(C)=O)C(C(=O)NC2CCCC2)c2ccccc2F)c(OC)c1,CHEMBL450470,150
COc1ccc(N2CCN(C(=O)[C@@H]3CCCC[C@H]3C(=O)NC3(C#N)CC3)[C@H](C)C2)cc1OC,CHEMBL2172005,3
COc1ccc(NC(=O)CCc2c(C)nc3nc(C)nn3c2C)cc1,CHEMBL1539037,3.0899999999999999
COc1ccc(OC)c(C(O)CN)c1,CHEMBL1076,3
COc1ccc(OC)c(C(O)CNC(=O)CN)c1,CHEMBL1201212,3
COc1ccc([C@@H]2Sc3ccccc3N(CCN(C)C)C(=O)[C@@H]2OC(C)=O)cc1,CHEMBL23,79.665000000000006
COc1ccc([C@]2(C#N)CC[C@@H](C(=O)O)CC2)cc1OC1CCCC1,CHEMBL511115,28
COc1ccc2c(Oc3ccc(CC(=O)Nc4cn(C)nc4C)c(OC)c3)ccnc2c1,CHEMBL2023489,23.440000000000001
COc1ccc2nc(C)cc(-n3cc(CN4CCN(C(C)=O)CC4)nn3)c2c1,CHEMBL1241982,5.1299999999999999
COc1ccc2nc(C)cc(-n3cc(CNC(C)=O)nn3)c2c1,CHEMBL1783112,6.7599999999999998
COc1ccc2nc(C)cc(N3CC(CNC(=O)C4CC4)OC3=O)c2c1,CHEMBL1831130,19.5
COc1ccc2nc(C)cc(OCC(=O)NCc3ccccc3)c2c1,CHEMBL2098183,120.23
COc1ccc2nc(C)cc(OCC(=O)Nc3ccccc3OC)c2c1,CHEMBL2097971,150
COc1ccc2nc(NC(=O)CCc3ccc(OC)c(OC)c3)sc2c1,CHEMBL1322390,150
COc1ccc2ncc(=O)n(CCN3CCC(NCc4cc5c(cn4)OCCO5)CC3)c2c1,CHEMBL1916542,150
COc1ccc2ncc(C#N)c(CCN3CCC(NCc4cc5c(cn4)OCS5)CC3)c2c1,CHEMBL1235773,72.439999999999998
COc1ccc2ncc(F)c(CCN3CCC(NCc4cc5c(cn4)OCCO5)CC3)c2n1,CHEMBL1916532,138.03999999999999
COc1ccc2ncc(F)c(CCN3CCC(NCc4ccc5c(n4)NC(=O)CO5)CC3)c2n1,CHEMBL1916533,39.810000000000002
COc1cccc(CNc2nc(NC(C)C)nc3ccsc23)c1OC,CHEMBL1891338,150
COc1cccc(NC(=O)c2cccc(Cc3c(C)nn(CCO)c3-c3ccccc3)c2)c1,CHEMBL561771,150
COc1cccc(Nc2c(C(N)=O)cnc3c(C)cc(S(=O)(=O)c4cccc(C(=O)N(C)C)c4)cc23)c1,CHEMBL570015,75.025000000000006
COc1cccc(Nc2nc(NCC3CCCO3)c3ccccc3n2)c1,CHEMBL1198335,150
COc1cccc2c1c(NS(=O)(=O)c1ccc(Cl)s1)nn2Cc1cccc(CNC(=O)C(C)(C)O)c1,CHEMBL2018969,32.5
COc1cccc2c1c(NS(=O)(=O)c1ccc(Cl)s1)nn2Cc1cccc(CNC(=O)[C@@H]2COCCN2)c1,CHEMBL2326624,23
COc1cccc2c1c(NS(=O)(=O)c1ccc(Cl)s1)nn2Cc1cccc(CNC(=O)[C@H]2COCCN2)c1,CHEMBL2326623,22
COc1cccc2c1c(NS(=O)(=O)c1ccc(Cl)s1)nn2Cc1cccc(CNC(C)=O)c1,CHEMBL2018964,81.5
COc1cccc2sc(NC(=O)c3ccccc3)nc12,CHEMBL1868126,16
COc1ccccc1-c1csc(-n2ncc(C#N)c2N)n1,CHEMBL1322893,54.950000000000003
COc1ccccc1C(=O)/C=C/c1ccccc1C(F)(F)F,CHEMBL1801962,150
COc1ccccc1C(=O)Nc1ccc(Cc2ccncc2)cc1,CHEMBL1537460,103.2
COc1ccccc1CCNCc1ccc(CCNC[C@H](O)c2ccc(O)c3[nH]c(=O)sc23)cc1,CHEMBL1944694,29
COc1ccccc1CCNCc1cccc(CCNC[C@H](O)c2ccc(O)c3[nH]c(=O)sc23)c1,CHEMBL1944693,29
COc1ccccc1CN(C)Cc1cccc(CCNC[C@H](O)c2ccc(O)c3[nH]c(=O)sc23)c1,CHEMBL1945291,33
COc1ccccc1CN1C(=O)c2ccccc2C1C(=O)NC1CCC(C)CC1,CHEMBL1429296,150
COc1ccccc1OCCNCC(O)COc1cccc2[nH]c3ccccc3c12,CHEMBL723,26.300000000000001
COc1ccccc1Oc1c(NS(=O)(=O)c2ccc(C(C)(C)C)cc2)nc(-c2ncccn2)nc1OCCO,CHEMBL957,4.79
COc1ccccc1SC[C@@H](C)CN[C@@H]1COc2ccccc2SC1,CHEMBL511058,51.289999999999999
COc1ccnc(CCc2nc3c(C)ccnc3[nH]2)c1,CHEMBL1800528,3
COc1ccnc(CCc2nc3cc(Br)cnc3[nH]2)c1,CHEMBL1800526,16.100000000000001
COc1ccnc(CCc2nc3cccnc3[nH]2)c1,CHEMBL1738840,18.890000000000001
COc1ccnc(CSc2nc3ccccc3[nH]2)c1,CHEMBL51478,150
COc1ccncc1-c1ccccc1CN(C(=O)c1ccc(-c2ccc(C#N)cc2)o1)c1ccc(N2CCNCC2)cc1,CHEMBL1940652,25.699999999999999
COc1cnc(-c2ccccn2)nc1N(C)c1ccccc1,CHEMBL1534781,150
COc1nc(Br)cnc1NS(=O)(=O)c1ccc(Cl)s1,CHEMBL2011441,3
COc1nc(C)nc(Cl)c1NC1=NCCN1,CHEMBL19236,3
COc1nc(N)nc2c1ncn2[C@@H]1O[C@H](CO)[C@@H](O)[C@H]1O,CHEMBL406852,10.470000000000001
COc1nc2ccc(Br)cc2cc1[C@@H](c1ccccc1)[C@@](O)(CCN(C)C)c1cccc2ccccc12,CHEMBL376488,14.130000000000001
COc1ncccc1-c1cccc2c(N)c3c(nc12)CN(C1CCC1)C3=O,CHEMBL1783287,4.8799999999999999
CS(=O)(=O)C1(c2cc(N3CCOCC3)nc(-c3cccc4[nH]ncc34)n2)CC1,CHEMBL2325716,3
CS(=O)(=O)CCNCc1ccc(-c2ccc3ncnc(Nc4ccc(OCc5cccc(F)c5)c(Cl)c4)c3c2)o1,CHEMBL554,91.200000000000003
CS(=O)(=O)N1CCN(Cc2cc3nc(-c4cccc5[nH]ncc45)nc(N4CCOCC4)c3s2)CC1,CHEMBL521851,33.109999999999999
CS(=O)(=O)N1CC[C@H](N(Cc2ccccc2Cl)c2ccc(C#N)c(Cl)c2)C1,CHEMBL602745,72.439999999999998
CS(=O)(=O)N1CCc2c(-c3cnc(N)nc3)nc(N3CCOCC3)nc21,CHEMBL1684984,4.1850000000000005
CS(=O)(=O)NC(=O)CCCc1c(-c2ccc(F)cc2)[nH]c2ccc(C#N)cc12,CHEMBL440405,14.300000000000001
CS(=O)(=O)Nc1ccc(CCOCCCS(=O)(=O)CCNCCc2ccc(O)c3nc(O)sc23)cc1,CHEMBL421604,105
CS(=O)(=O)c1ccc(-c2cnc(N)c(-c3ccc(C(F)(F)F)nc3)c2)cc1,CHEMBL2041980,4.79
CS(=O)(=O)c1ccc(-c2cnc(N)c(C(=O)Nc3ccccc3)n2)cc1,CHEMBL1766779,19.050000000000001
CS(=O)(=O)c1ccc([C@@H](CC2CCCC2)C(=O)Nc2nccs2)cc1,CHEMBL1096435,20.890000000000001
CS(=O)(=O)c1ccc([C@@H](O)[C@@H](CF)NC(=O)C(Cl)Cl)cc1,CHEMBL1241590,69.180000000000007
CS(=O)(=O)c1ccc([C@H](CC2CCCC2)C(=O)Nc2nccs2)cc1,CHEMBL1094168,35.479999999999997
CS(=O)(=O)c1ccc2nc(N3CCN(C(=O)[C@@H]4CCCC[C@H]4C(=O)NC4(C#N)CC4)CC3)sc2c1,CHEMBL2070947,3
CSCCC(NC(=O)c1ccccc1)c1nc2ccccc2n1Cc1ccc(C#N)cc1,CHEMBL1770475,150
CSCCC(NC(=O)c1cnccn1)c1nc2ccccc2[nH]1,CHEMBL1770469,74
CSCCC(NC(=O)c1sccc1Cl)c1nc2ccccc2[nH]1,CHEMBL1770471,150
CSc1c(C(=O)NC2C3CC4CC(C3)CC2C4)cnn1-c1ccc(C(=O)O)cc1,CHEMBL2177621,12.300000000000001
CSc1ccc(N2C(N)=NC(N)=NC2(C)C)cc1,CHEMBL174107,70.790000000000006
CSc1ccc2c(c1)N(CCC1CCCCN1C)c1ccccc1S2,CHEMBL479,114
C[C@@H](C(=O)NCCN1CCCC1)c1ccc(OS(=O)(=O)C(F)(F)F)cc1,CHEMBL190243,6
C[C@@H](C(=O)NS(C)(=O)=O)c1ccc(OS(=O)(=O)C(F)(F)F)cc1,CHEMBL189475,3
C[C@@H](C(=O)O)c1cccc(C(=O)c2ccccc2)c1,CHEMBL372052,21.300000000000001
C[C@@H](C(N)=O)c1ccc(OS(=O)(=O)C(F)(F)F)cc1,CHEMBL364714,3
C[C@@H](NC(=O)C1CCNCC1)c1ccc(Nc2ncc3cc(-c4ccncc4)ccc3n2)cc1,CHEMBL2335901,3
C[C@@H](NCc1ccccc1-c1ccc(CCNC[C@H](O)c2ccc(O)c3[nH]c(=O)sc23)cc1)c1ccccc1,CHEMBL1947155,108
C[C@@H](O)[C@H](NC(=O)c1ccc(C#Cc2ccc(CN3CCOCC3)cc2)cc1)C(=O)NO,CHEMBL260091,27.02
C[C@@H](O)[C@H]1C(=O)N2C(C(=O)O)=C(SC3CN(C4=NCCS4)C3)[C@H](C)[C@H]12,CHEMBL576981,4.79
C[C@@H](O)[C@H]1C(=O)N2C(C(=O)OCOC(=O)C(C)(C)C)=C(SC3CN(C4=NCCS4)C3)[C@H](C)[C@H]12,CHEMBL2107486,150
C[C@@H](c1ccc(-c2ccc(F)cc2F)cc1)N1CC[C@@](CCO)(c2ccc(F)cc2)OC1=O,CHEMBL1829783,64.569999999999993
C[C@@H](c1ccc(-c2ccc(F)cc2F)cc1)N1CC[C@](CCO)(c2ccc(F)cc2)OC1=O,CHEMBL1829763,3.3600000000000003
C[C@@H]1CN(C(=O)N[C@H](Cc2ccc(F)cc2)C(=O)N2CCC(C(=O)NC(C)(C)C)(C3CCCCC3)CC2)C[C@H](C)N1,CHEMBL1761870,10.720000000000001
C[C@@H]1CN(C(=O)[C@@H]2CN(C(C)(C)C)C[C@H]2c2ccc(F)cc2F)C[C@H](C)[C@@]1(O)c1ccccc1,CHEMBL1090488,25.120000000000001
C[C@@H]1CN(Cc2cc(Cl)ccc2OCC(=O)O)CCN1S(=O)(=O)c1ccccc1,CHEMBL1689120,7.4800000000000004
C[C@@H]1CN(Cc2cc(Cl)ccc2OCC(=O)O)C[C@H](C)N1C(=O)Cc1ccccc1,CHEMBL1689125,20
C[C@@H]1CN(Cc2nnc(-c3cc(-c4cccc5[nH]ccc45)cc4[nH]ncc34)o2)C[C@H](C)O1,CHEMBL2216839,54.950000000000003
C[C@@H]1CN(c2ccc(F)cc2C(F)(F)F)CCN1S(=O)(=O)c1ccc(C(N)=O)cc1Cl,CHEMBL550175,63.100000000000001
C[C@@H]1CN(c2ccc3c(n2)NC(=O)CO3)[C@H](c2ccccc2)CO1,CHEMBL2181928,52.479999999999997
C[C@@H]1CN[C@@H](C2CC2)C(=O)N(C)[C@H](C)C(=O)N[C@H](Cc2ccc(F)cc2)C(=O)NCCCc2ccccc2O1,CHEMBL1963249,26.920000000000002
C[C@@H]1C[C@H]2[C@@H]3CCC4=CC(=O)C=C[C@]4(C)[C@@]3(F)[C@@H](O)C[C@]2(C)[C@@]1(O)C(=O)CO,CHEMBL384467,31
C[C@@H]1Cc2c([nH]c3cc(Cl)c(F)cc23)[C@]2(N1)C(=O)Nc1ccc(Cl)cc12,CHEMBL1082724,7.2400000000000002
C[C@@](C(=O)OC1CC[N+](C)(C)CC1)(c1ccccc1)C1CCCC1,CHEMBL1963462,128
C[C@@](C(=O)O[C@H]1C[N+]2(CC(=O)Nc3cccc(F)c3)CCC1CC2)(c1ccccc1)N1CCCCC1,CHEMBL1921944,67
C[C@@](C(=O)O[C@H]1C[N+]2(CC(=O)Nc3ccccc3)CCC1CC2)(c1ccccc1)N1CCCCC1,CHEMBL1921942,64
C[C@@](C(=O)O[C@H]1C[N+]2(CC(=O)Nc3ccccn3)CCC1CC2)(c1ccccc1)N1CCCCC1,CHEMBL1921946,64
C[C@@](C(=O)O[C@H]1C[N+]2(CC(=O)Nc3ccncn3)CCC1CC2)(c1ccccc1)N1CCCCC1,CHEMBL1922048,39
C[C@@](C(=O)O[C@H]1C[N+]2(CCCOc3ccc(F)cc3)CCC1CC2)(c1ccccc1)N1CCCCC1,CHEMBL1921936,66
C[C@@](C(=O)O[C@H]1C[N+]2(CCCc3cc4ccccc4s3)CCC1CC2)(c1ccccc1)N1CCCCC1,CHEMBL1921925,65
C[C@@](C(=O)O[C@H]1C[N+]2(CCCc3ccc4ncsc4c3)CCC1CC2)(c1ccccc1)N1CCCCC1,CHEMBL1921926,66
C[C@@](C(=O)O[C@H]1C[N+]2(CCCc3ccncc3)CCC1CC2)(c1ccccc1)N1CCCCC1,CHEMBL1921917,82
C[C@@](C(=O)O[C@H]1C[N+]2(CCCc3cncnc3)CCC1CC2)(c1ccccc1)N1CCCCC1,CHEMBL1921923,66
C[C@@](C(=O)O[C@H]1C[N+]2(CCOCCc3ccccc3)CCC1CC2)(c1ccccc1)N1CCCCC1,CHEMBL1921939,77
C[C@@](C(=O)O[C@H]1C[N+]2(CCOc3ccc(Cl)cc3)CCC1CC2)(c1ccccc1)N1CCCCC1,CHEMBL1921931,60
C[C@@](C(=O)O[C@H]1C[N+]2(CCc3c[nH]c4ccccc34)CCC1CC2)(c1ccccc1)N1CCCCC1,CHEMBL1921913,53
C[C@@](C(=O)O[C@H]1C[N+]2(CCc3ccccc3)CCC1CC2)(c1ccccc1)N1CCCCC1,CHEMBL1924047,76
C[C@@](C(=O)O[C@H]1C[N+]2(CCc3ccccc3F)CCC1CC2)(c1ccccc1)N1CCCCC1,CHEMBL1924049,130
C[C@@](C(=O)O[C@H]1C[N+]2(Cc3cc(-c4ccccc4)on3)CCC1CC2)(c1ccccc1)N1CCCCC1,CHEMBL1922055,110
C[C@@](C(=O)O[C@H]1C[N+]2(Cc3nc(-c4ccccc4)no3)CCC1CC2)(c1ccccc1)N1CCCCC1,CHEMBL1922056,55
C[C@@](CCc1ccc(-c2ccc(Cl)cc2)cc1)(C(=O)NO)S(C)(=O)=O,CHEMBL1956129,3
C[C@@]1(C(=O)Nc2ccc(F)nc2)CCCN1c1nc(Nc2cc(C3CC3)n[nH]2)c2cccn2n1,CHEMBL575448,70.790000000000006
C[C@H](C#Cc1ccc(Cc2ccc(F)cc2)s1)N(O)C(N)=O,CHEMBL59356,3
C[C@H](C(=O)O)c1cccc(C(=O)c2ccccc2)c1,CHEMBL75435,21
C[C@H](CO)Nc1nc(SCc2cccc(Cl)c2F)nc2[nH]c(=O)sc12,CHEMBL403225,18.454999999999998
C[C@H](CO)Nc1nc(SCc2cccc(F)c2F)nc2[nH]c(=O)cnc12,CHEMBL256668,32.609999999999999
C[C@H](CO)Nc1nc(SCc2cccc(F)c2F)nc2[nH]ncc12,CHEMBL257025,17.780000000000001
C[C@H](CO)Nc1nc(SCc2cccc(F)c2F)nc2nc(N)sc12,CHEMBL397237,12.375
C[C@H](CO)Nc1nc(SCc2ccccc2)nc2[nH]c(=O)sc12,CHEMBL402986,11.225
C[C@H](CO)Nc1nc(SCc2ccccc2F)nc2[nH]c(=O)sc12,CHEMBL271012,29.060000000000002
C[C@H](CO)Nc1nc(SCc2ccccc2F)nc2nc(N)sc12,CHEMBL232846,12.375
C[C@H](CO)Nc1nc(SCc2ccco2)nc2[nH]c(=O)sc12,CHEMBL272705,44.149999999999999
C[C@H](CO)n1ccc2c(NC(=O)Cc3ccc(Cl)c(C(F)(F)F)c3)cccc2c1=O,CHEMBL550436,29
C[C@H](CS)C(=O)N1CCC[C@H]1C(=O)O,CHEMBL1560,57.109999999999999
C[C@H](Cc1cccc(CC(=O)NC23CC4CC(CC(C4)C2)C3)c1)NC[C@H](O)c1ccc(O)c(CO)c1,CHEMBL402501,32.450000000000003
C[C@H](NC(=O)c1cccc2c1N(Cc1ccc(Cl)cc1)CC2)c1ccc(C(=O)O)cc1,CHEMBL1645135,13.18
C[C@H](Nc1nc(Nc2cc(C3CC3)[nH]n2)cnc1C#N)c1ccc(F)cn1,CHEMBL578194,5.4700000000000006
C[C@H](Oc1ccc(Cl)cc1CN1CCN(C(=O)Cc2ccc(Cl)cc2)[C@@H](C)C1)C(=O)O,CHEMBL1689133,3.8500000000000001
C[C@H](c1nc2ncccc2c(=O)n1-c1ccc(Cl)cc1)N(CC1CCS(=O)(=O)CC1)C(=O)Cc1ccc(C(F)(F)F)c(F)c1,CHEMBL1939560,6.1050000000000004
C[C@H]1CN(Cc2cc(Cl)ccc2CC(=O)O)CCN1C(=O)Cc1ccc(Cl)cc1,CHEMBL1689135,8.25
C[C@H]1CN(Cc2cc(Cl)ccc2CC(=O)O)CCN1S(=O)(=O)Cc1ccccc1,CHEMBL1689137,8.8499999999999996
C[C@H]1CN(Cc2cc(Cl)ccc2CCC(=O)O)CCN1C(=O)Cc1ccccc1,CHEMBL1689136,3
C[C@H]1CN(Cc2cc(Cl)ccc2OC(C)(C)C(=O)O)CCN1S(=O)(=O)c1ccccc1,CHEMBL1689134,17
C[C@H]1CN(Cc2cc(Cl)ccc2OCC(=O)O)CCN1C(=O)Cc1ccc(Cl)cc1,CHEMBL1689128,3
C[C@H]1CN(Cc2cc(Cl)ccc2OCC(=O)O)CCN1C(=O)Cc1ccc(F)cc1,CHEMBL1689127,3
C[C@H]1CN(Cc2cc(Cl)ccc2OCC(=O)O)CCN1C(=O)Cc1cccc(Cl)c1,CHEMBL1689130,12
C[C@H]1CN(Cc2cc(Cl)ccc2OCC(=O)O)CCN1C(=O)Cc1ccccc1,CHEMBL1689126,3.5
C[C@H]1CN(Cc2cc(Cl)ccc2OCC(=O)O)CCN1C(=O)Cc1ccccc1Cl,CHEMBL1689129,13
C[C@H]1CN(Cc2cc(Cl)ccc2OCC(=O)O)CCN1S(=O)(=O)c1ccccc1,CHEMBL1689119,3
C[C@H]1COCCN1c1nc(N2CCOC[C@@H]2C)c2ccc(-c3ccc4nc[nH]c(=O)c4c3)nc2n1,CHEMBL2336324,150
C[C@H]1COCCN1c1nc(N2CCOC[C@@H]2C)c2ccc(-c3cccc(C(=O)NCCO)c3)nc2n1,CHEMBL2336326,10
C[C@H]1C[C@@H](NS(=O)(=O)c2cc(Br)ccc2Br)CN1C#N,CHEMBL1672434,39
C[C@H]1C[C@@H]2[C@H]([C@@H](O)C[C@@]3(C)[C@H]2CC[C@]3(O)C(=O)CO)[C@@]2(C)C=CC(=O)C=C12,CHEMBL650,79.560000000000002
C[C@H]1Cc2c([nH]c3cc(Cl)c(F)cc23)[C@@]2(N1)C(=O)Nc1ccc(Cl)cc12,CHEMBL1082723,8.7100000000000009
C[C@]1(O)C[C@@H](c2nc(-c3ccc4ccc(-c5ccccc5)nc4c3)c3c(N)nccn32)C1,CHEMBL1091644,16.98
C[C@]12CCC(=O)C=C1C=C[C@@H]1[C@@H]2CC[C@@]2(C)[C@H]1CC[C@@]21CCC(=O)O1,CHEMBL1463345,26.16
C[C@]12CCC(=O)C=C1CC[C@@H]1[C@@H]2C(=O)C[C@@]2(C)[C@H]1CC[C@]2(O)C(=O)CO,CHEMBL1499,17.379999999999999
C[C@]12CC[C@H](O)CC1=CCC1C2CC[C@]2(C)C(n3cnc4ccccc43)=CCC12,CHEMBL75474,34.670000000000002
C[C@]12CC[C@H]3[C@@H](CCC4=CC(=O)CC[C@@]43C)[C@@H]1CC[C@@H]2O,CHEMBL386630,150
C[C@]12Cc3cnn(-c4ccc(F)cc4)c3C=C1CC[C@@]2(O)CCc1ccc(F)cc1C(N)=O,CHEMBL2147569,52.479999999999997
C[N+]1(C)CCC(OC(=O)C(O)(c2ccccc2)C2CCCC2)C1,CHEMBL1201335,91
C[N+]1(C)[C@@H]2C[C@@H](OC(=O)C(O)(c3cccs3)c3cccs3)C[C@H]1[C@@H]1O[C@@H]12,CHEMBL1900528,69
Cc1[nH]c2ccc(-c3nnc(SCC(=O)N4CCCc5ccccc54)o3)cc2c1C,CHEMBL1300857,150
Cc1[nH]c2nc(NCc3cccc(Br)c3)nn2c(=O)c1Cc1ccccc1,CHEMBL1397672,3
Cc1c(-c2ccc(O)cc2)n(Cc2ccc(OCCN3CCCCCC3)cc2)c2ccc(O)cc12,CHEMBL46740,26.629999999999999
Cc1c(C(=O)NC2C3CC4CC(C3)CC2C4)cnn1-c1ccc(C(=O)O)cc1,CHEMBL2177601,3
Cc1c(C(=O)Nc2ccccc2)sc2ncnc(O)c12,CHEMBL1478592,150
Cc1c(C)c2c(c(C)c1O)CCC(C)(COc1ccc(CC3SC(=O)NC3=O)cc1)O2,CHEMBL408,89.090000000000003
Cc1c(CC(=O)O)c2cc(F)ccc2n1S(=O)(=O)c1ccc(S(C)(=O)=O)cc1,CHEMBL196707,5.4500000000000002
Cc1c(CN2CCN(C(=O)[C@H](C)O)CC2)sc2c(N3CCOCC3)nc(-c3cnc(N)nc3)nc12,CHEMBL1922094,3
Cc1c(Cc2ccc3ccccc3n2)c2cc(F)ccc2n1CC(=O)O,CHEMBL560993,7.0199999999999996
Cc1c(Cl)ccc(OC2CCN(CC3CCN([C@@H](Cc4ccc(F)cc4)C(=O)O)CC3)CC2)c1Cl,CHEMBL2158783,13.779999999999999
Cc1c(Cl)cccc1S(=O)(=O)N1CCC[C@H](C(=O)NC2CCCCC2)C1,CHEMBL2334144,18.620000000000001
Cc1c(F)cc(C(=O)NC2CC2)cc1-c1ccc(C(=O)NCC(C)(C)C)cn1,CHEMBL1088752,5.0549999999999997
Cc1c(N(C)C)c(=O)n(-c2ccccc2)n1C,CHEMBL288470,3.4700000000000002
Cc1c(OC2CCN(CC3CCN([C@@H](Cc4ccc(F)cc4)C(=O)O)CC3)CC2)ccc(C#N)c1Cl,CHEMBL2158785,3
Cc1c(OC2CCN(CC3CCN([C@@](C)(Cc4ccc(F)cc4)C(=O)O)CC3)CC2)ccc(Cl)c1Cl,CHEMBL2158790,3
Cc1c(Oc2ccc(Cl)cc2)c2c(NS(C)(=O)=O)cccc2n1CC(=O)O,CHEMBL1917456,3
Cc1c(S(=O)(=O)c2ccc(Cl)cc2)c2c(NS(C)(=O)=O)cccc2n1CC(=O)O,CHEMBL1917450,3
Cc1c(Sc2ccc(Cl)cc2)c2c(NS(C)(=O)=O)cccc2n1CC(=O)O,CHEMBL1917433,4.8799999999999999
Cc1c(Sc2ccc(Cl)cc2)c2cc(F)ccc2n1CC(=O)O,CHEMBL1917426,34
Cc1c2c(=O)n(-c3ccccc3Cl)[nH]c2cc(=O)n1Cc1ccccn1,CHEMBL1276946,3
Cc1c[nH]c(-c2cnc(NCCNc3ccc(C#N)cn3)nc2-c2ccc(Cl)cc2Cl)n1,CHEMBL412142,108
Cc1cc(-c2ccc(Cl)c(C(=O)NCC3(O)CCCCCC3)c2)n[nH]1,CHEMBL560241,57
Cc1cc(-c2ccc(Cl)c(C(=O)NCC3(O)CCCCCC3)c2)nn1C[C@H](O)CN,CHEMBL1852508,3
Cc1cc(=O)n(-c2ccccc2)n1C,CHEMBL277474,3.7349999999999999
Cc1cc(C(=O)Cn2cc(C(F)(F)F)ccc2=O)c(C)n1Cc1ccccc1,CHEMBL1359777,150
Cc1cc(C)c(CNC(=O)c2cc(C3CC3)nc3c2cnn3C(C)C)c(O)n1,CHEMBL1608462,128.81999999999999
Cc1cc(C)cc(-c2nnc(SCC(=O)N3CCN(C(=O)c4ccco4)CC3)o2)c1,CHEMBL1489611,89.129999999999995
Cc1cc(C)nc(Nc2cccc(C(F)(F)F)c2)n1,CHEMBL1622829,36.310000000000002
Cc1cc(C)nc(SCC(=O)Nc2cc(C)on2)n1,CHEMBL1490317,141.25
Cc1cc(C)nc(SCC(N)=O)n1,CHEMBL1526762,3
Cc1cc(CC(=O)O)n(C)c1C(=O)c1ccc(Cl)cc1,CHEMBL19490,3
Cc1cc(CCCOc2c(C)cc(-c3noc(C(F)(F)F)n3)cc2C)on1,CHEMBL29609,13.49
Cc1cc(CCCOc2c(Cl)cc(C3=NCCO3)cc2Cl)on1,CHEMBL143305,150
Cc1cc(CCC[N+]23CCC(CC2)[C@@H](OC(=O)[C@](C)(c2ccccc2)N2CCCCC2)C3)ccn1,CHEMBL1921919,36.079999999999998
Cc1cc(CN(CC(=O)Nc2ccc(Cl)cc2Cl)C2CCCCC2)ccc1OCC(=O)O,CHEMBL1081917,43.43
Cc1cc(CN2CCc3ccccc3C2C(=O)Nc2ccc(Cl)cc2Cl)ccc1OCC(=O)O,CHEMBL1643199,20
Cc1cc(CN2Cc3ccccc3C2C(=O)Nc2ccc(Cl)cc2Cl)ccc1OCC(=O)O,CHEMBL1643194,15
Cc1cc(CN2Cc3ccccc3C[C@H]2C(=O)Nc2ccc(Cl)cc2Cl)ccc1OCC(=O)O,CHEMBL1643200,31
Cc1cc(Cl)ccc1OC1CCN(CC2CCN([C@@H](Cc3ccc(F)cc3)C(=O)O)CC2)CC1,CHEMBL2158780,3
Cc1cc(F)ccc1-n1nc(C(F)(F)F)cc1-c1ccc2c(c1)NC(=O)CO2,CHEMBL1929039,19.449999999999999
Cc1cc(F)ccc1OC1CCN(CC2CCN([C@@H](Cc3ccc(F)cc3)C(=O)O)CC2)CC1,CHEMBL2158781,3
Cc1cc(F)ccc1OC1CCN(CC2CCN([C@@](C)(Cc3ccc(F)cc3)C(=O)O)CC2)CC1,CHEMBL2158793,6.8150000000000004
Cc1cc(NC(=O)Nc2cccc3ccccc23)no1,CHEMBL1470412,95.5
Cc1cc(NS(=O)(=O)c2ccc(Cl)cc2)no1,CHEMBL594684,8.5099999999999998
Cc1cc(NS(=O)(=O)c2ccc(N)cc2)no1,CHEMBL443,3
Cc1cc(Nc2nc(N[C@@H](C)c3ccc(F)cn3)c(C#N)cc2Cl)n[nH]1,CHEMBL1773082,6.1699999999999999
Cc1cc(OC2CCN(CC3CCN([C@@H](Cc4ccc(F)cc4)C(=O)O)CC3)CC2)ccc1Cl,CHEMBL2158782,3.8700000000000001
Cc1cc(OC2CCN(CC3CCN([C@@](C)(Cc4ccc(F)cc4)C(=O)O)CC3)CC2)ccc1Cl,CHEMBL2158792,3
Cc1cc(OCC(=O)NCc2ccccc2)c2cc(Br)ccc2n1,CHEMBL2098096,51.289999999999999
Cc1cc(OCC(=O)Nc2ccccc2)c2cc(Br)ccc2n1,CHEMBL2098332,150
Cc1cc(OCCCS(C)(=O)=O)cc(C)c1-c1cccc(COc2ccc3c(c2)OC[C@H]3CC(=O)O)c1,CHEMBL1829174,7.625
Cc1cc(Oc2cc(S(=O)(=O)N3CCC[C@H](n4cc(C)c(=O)[nH]c4=O)C3)ccc2O)ccc1Cl,CHEMBL2331750,20.420000000000002
Cc1cc2cc(C)c3nnc(SCC(=O)N4CCN(C(=O)c5ccco5)CC4)n3c2cc1C,CHEMBL2361579,57.539999999999999
Cc1ccc(-c2cc(-c3ccccc3)nn2-c2ccc(S(N)(=O)=O)cc2)cc1,CHEMBL245196,13.49
Cc1ccc(-c2cc(C(F)(F)F)nn2-c2ccc(C(=O)O)cc2)cc1,CHEMBL397229,10.720000000000001
Cc1ccc(-c2cc(C(F)(F)F)nn2-c2ccc(CC(=O)O)cc2)cc1,CHEMBL244131,4.79
Cc1ccc(-c2cc(C(F)(F)F)nn2-c2ccc(S(C)(=O)=O)cc2)cc1,CHEMBL241970,17.379999999999999
Cc1ccc(-c2cc(C(F)(F)F)nn2-c2ccc(S(N)(=O)=O)cc2)cc1,CHEMBL118,25.699999999999999
Cc1ccc(-c2cc(C(F)(F)F)nn2-c2ccc([S+](C)[O-])cc2)cc1,CHEMBL397230,14.789999999999999
Cc1ccc(-c2ccc3c(ccc4sc5c(c43)NC[C@@H](C)NC5=O)n2)cn1,CHEMBL1231206,6.9199999999999999
Cc1ccc(-c2cccc(-c3nn[nH]n3)c2)cc1,CHEMBL2089276,52.479999999999997
Cc1ccc(-c2cccc([S@]3(=O)=NC(=O)[C@H](C)N3)c2)cc1,CHEMBL2089280,19.5
Cc1ccc(-c2nc3ccccc3[nH]2)cc1NC(=O)c1ccc(OCc2ccccn2)cc1,CHEMBL2059859,10.23
Cc1ccc(-c2nnc(SCC(=O)N3CCN(c4ccccc4)CC3)o2)cc1,CHEMBL1367530,150
Cc1ccc(-n2c(C)cc(/C=C3\SC(=O)NC3=O)c2C)cc1,CHEMBL1309788,17.780000000000001
Cc1ccc(-n2nc(C(C)(C)C)cc2NC(=O)Nc2ccc(OCCN3CCOCC3)c3ccccc23)cc1,CHEMBL103667,55.920000000000002
Cc1ccc(/C(=C\CN2CCCC2)c2ccccn2)cc1,CHEMBL855,84
Cc1ccc(C(=O)N2CC3CNCC(C2)O3)cc1NC(=O)CC12CC3CC(CC(C3)C1)C2,CHEMBL550637,16.25
Cc1ccc(C(=O)NC2CC2)cc1-c1ccc(C(=O)NCC2CC2)nc1,CHEMBL1782167,21
Cc1ccc(C(=O)c2ccc(CC(=O)O)n2C)cc1,CHEMBL1020,8.2249999999999996
Cc1ccc(C(NC(=O)c2ccccc2O)C(=O)Nc2c(C)cccc2C)s1,CHEMBL1770298,70
Cc1ccc(C)c(OCCCC(C)(C)C(=O)O)c1,CHEMBL457,108.035
Cc1ccc(CCNC(=O)c2ccc3sc(CO)nc3c2)cc1,CHEMBL2088413,96.329999999999998
Cc1ccc(CCOCCNS(=O)(=O)CCCNCCc2ccc(O)c3nc(O)sc23)cc1,CHEMBL324875,150
Cc1ccc(CNC(=O)C2CCCN2S(=O)(=O)c2ccc(F)cc2)cc1,CHEMBL1896341,150
Cc1ccc(CO)cc1N(C)c1ccnc(Nc2cc(N3CCOCC3)cc(N3CCOCC3)c2)n1,CHEMBL1762530,31.620000000000001
Cc1ccc(CO)cc1N(c1ccnc(Nc2cc(N3CCOCC3)cc(S(C)(=O)=O)c2)n1)C(C)C,CHEMBL1738764,53.700000000000003
Cc1ccc(C[C@@H](C(=O)O)N2CCC(CN3CCC(Oc4ccc(Cl)c(Cl)c4)CC3)CC2)cc1,CHEMBL2158774,3
Cc1ccc(F)cc1S(=O)(=O)N[C@@H]1CCN(Cc2ccc(-c3ccccc3)cc2)C1,CHEMBL250961,150
Cc1ccc(N2CC(COc3ccc(-c4noc(C)n4)cc3)C2)nn1,CHEMBL1835918,16.204999999999998
Cc1ccc(NC(=O)[C@@H]2CCCN2S(=O)(=O)c2cccc3cccnc23)c(C)c1,CHEMBL2171278,150
Cc1ccc(NC(=O)[C@H]2CCCN2S(=O)(=O)c2cccc3cccnc23)c(C)c1,CHEMBL2171277,150
Cc1ccc(NC(=O)c2cccc(N(C)S(C)(=O)=O)c2)cc1NC(=O)c1ccc2ncccc2c1,CHEMBL454616,37.719999999999999
Cc1ccc(NC(=O)c2cccc(N3CCOCC3)c2)cc1-n1cnc2ccc(N3CCN(C)CC3)cc2c1=O,CHEMBL2031221,6
Cc1ccc(NC(=O)c2cccc(N3CCOCC3)c2)cc1NC(=O)c1ccc(OCc2cscn2)cc1,CHEMBL183630,20
Cc1ccc(NC(=O)c2ccoc2)cc1-n1cnc2ccc(N3CCN(C)CC3)cc2c1=O,CHEMBL2031238,3
Cc1ccc(S(=O)(=O)N2N=Cc3ccccc3B2O)cc1,CHEMBL168634,6.1699999999999999
Cc1ccc(S(=O)(=O)Nc2c(C(=O)N(C)C3CCCCC3)c(C)nn2-c2ccccc2)cc1,CHEMBL1916275,21
Cc1ccc(S(=O)(=O)Nc2c(C(=O)N(C)C3CCCCC3)cnn2-c2ccccc2)cc1,CHEMBL1916085,48.439999999999998
Cc1ccc(S(=O)(=O)Nc2c(C(=O)NC(C)C(C)(C)C)c(C)nn2-c2ccccc2)cc1,CHEMBL1916281,7
Cc1ccc(S(=O)(=O)Nc2c(C(=O)NC(C)C)c(C)nn2-c2ccccc2)cc1,CHEMBL1916273,51
Cc1ccc(S(=O)(=O)Nc2c(C(=O)NC3CCCCC3)c(C)nn2-c2ccccc2)cc1,CHEMBL1916274,12
Cc1ccc(S(=O)(=O)Nc2c(C(=O)NC3CCCCC3)cnn2-c2ccccc2)cc1,CHEMBL1916084,27
Cc1ccc(S(=O)(=O)Nc2c(C(=O)NC3CCCCC3C)c(C)nn2-c2ccccc2)cc1,CHEMBL1916277,17
Cc1ccc(S(=O)(=O)Nc2c(C(=O)NC3CCCCC3C)cnn2-c2ccccc2)cc1,CHEMBL1916276,5
Cc1ccc(S(=O)(=O)Nc2c(C(=O)NC3CCOCC3)c(C)nn2-c2ccccc2)cc1,CHEMBL1916278,14
Cc1ccc(S(=O)(=O)Nc2c(C(=O)NCC(C)(C)C)c(C)nn2-c2ccccc2)cc1,CHEMBL1916279,18
Cc1ccc(S(=O)(=O)Nc2c(C(=O)NCc3ccccc3)cnn2-c2ccccc2)cc1,CHEMBL1916086,40
Cc1ccc(S(=O)(=O)Nc2c(C(=O)N[C@@H](C)C(C)(C)C)c(C(F)(F)F)nn2-c2ccccc2)cc1,CHEMBL1916284,18.84
Cc1ccc(S(=O)(=O)Nc2c(C(=O)N[C@@H](C)C(C)(C)C)c(C)nn2-c2ccccc2)cc1,CHEMBL1916282,9.5700000000000003
Cc1ccc(S(=O)(=O)Nc2c(C(=O)N[C@@H](C)C(C)(C)C)c(C)nn2C(C)(C)C)cc1,CHEMBL1934270,53
Cc1ccc(S(=O)(=O)Nc2c(C(=O)N[C@@H](C)C(C)(C)C)c(C)nn2C(C)C)cc1,CHEMBL1934267,6.5
Cc1ccc(S(=O)(=O)Nc2c(C(=O)N[C@@H](C)C(C)(C)C)c(C)nn2C2CCC2)cc1,CHEMBL1934413,17
Cc1ccc(S(=O)(=O)Nc2c(C(=O)N[C@@H](C)C(C)(C)C)c(C)nn2C2CCCC2)cc1,CHEMBL1934414,8
Cc1ccc(S(=O)(=O)Nc2c(C(=O)N[C@@H](C)C(C)(C)C)c(C)nn2C2CCCCC2)cc1,CHEMBL1934415,8
Cc1ccc(S(=O)(=O)Nc2c(C(=O)N[C@@H](C)C(C)(C)C)c(C)nn2C2CCN(C)CC2)cc1,CHEMBL1934420,3
Cc1ccc(S(=O)(=O)Nc2c(C(=O)N[C@@H](C)C(C)(C)C)c(C)nn2C2CCN(CC(F)(F)F)CC2)cc1,CHEMBL1934421,3
Cc1ccc(S(=O)(=O)Nc2c(C(=O)N[C@@H](C)C(C)(C)C)c(C)nn2C2CCOC2)cc1,CHEMBL1934423,3
Cc1ccc(S(=O)(=O)Nc2c(C(=O)N[C@@H](C)C(C)(C)C)c(C)nn2C2CCOCC2)cc1,CHEMBL1934422,3
Cc1ccc(S(=O)(=O)Nc2c(C(=O)N[C@@H](C)C(C)(C)C)c(C)nn2C2CCS(=O)(=O)CC2)cc1,CHEMBL1934419,4
Cc1ccc(S(=O)(=O)Nc2c(C(=O)N[C@@H](C)C(C)(C)C)c(C)nn2C2CCSCC2)cc1,CHEMBL1934418,5
Cc1ccc(S(=O)(=O)Nc2c(C(=O)N[C@@H](C)C(C)(C)C)c(C)nn2CC(F)(F)F)cc1,CHEMBL1934269,18
Cc1ccc(S(=O)(=O)Nc2c(C(=O)N[C@H](C)C(C)(C)C)c(C)nn2-c2ccccc2)cc1,CHEMBL1916283,8
Cc1ccc2[nH]c(C(=O)O)nc2c1,CHEMBL596008,9.7699999999999996
Cc1ccc2c(NC[C@](O)(CC(C)(C)c3cc(F)cc4c3OCC4)C(F)(F)F)cccc2n1,CHEMBL2103876,50.119999999999997
Cc1ccc2c(c1)c(Sc1ccc(S(C)(=O)=O)cc1)c(C)n2CC(=O)O,CHEMBL1917443,3
Cc1ccc2cc(C)c3nnc(SCC(=O)N4CCN(C(=O)c5ccco5)CC4)n3c2c1,CHEMBL1308362,87.099999999999994
Cc1ccc2nc(C[N+]34CCC(CC3)[C@@H](OC(=O)[C@](C)(c3ccccc3)N3CCCCC3)C4)oc2c1,CHEMBL1922054,150
Cc1cccc(-c2ccc(CNC(=O)CCCc3ccc4cccnc4n3)cc2)c1,CHEMBL2153439,60.259999999999998
Cc1cccc(CN2CCC3(CC2)CCN(C(=O)c2ccccc2)CC3)c1,CHEMBL1290184,10.199999999999999
Cc1cccc(C[C@@H](C(=O)O)N2CCC(CN3CCC(Oc4ccc(Cl)c(Cl)c4)CC3)CC2)c1,CHEMBL2158773,3
Cc1cccc(NC(=O)Nc2cccc3ccccc23)c1,CHEMBL1596896,91.200000000000003
Cc1cccc([C@H](C)c2c[nH]c(=S)[nH]2)c1C,CHEMBL2107366,25.699999999999999
Cc1cccc2c(CCNCc3cccc(CCNC[C@H](O)c4ccc(O)c5[nH]c(=O)sc45)c3)c[nH]c12,CHEMBL1945031,24
Cc1cccc2c(O)nc(-c3ccc(C(F)(F)F)cc3)nc12,CHEMBL346886,45.710000000000001
Cc1ccccc1-c1c(C(=O)O)n(CCCOc2cccc3ccccc23)c2ccccc12,CHEMBL1987793,123.03
Cc1ccccc1-n1c(Cn2cnc3c(N)ncnc32)nc2cccc(C)c2c1=O,CHEMBL1213082,17.475000000000001
Cc1ccccc1-n1c(Cn2nc(-c3ccc(O)c(F)c3)c3c(N)ncnc32)nc2cccc(C)c2c1=O,CHEMBL1213085,42.240000000000002
Cc1ccccc1/N=N/c1ccc(NC(=O)c2ccnn2C)c(C)c1,CHEMBL1743245,51
Cc1ccccc1C(OCCN(C)C)c1ccccc1,CHEMBL900,150
Cc1ccccc1CN1CCC(N2CCC(n3c(=O)[nH]c4ccccc43)CC2)CC1,CHEMBL522460,19
Cc1ccccc1NC(=O)CCS(=O)(=O)c1ccc(Br)s1,CHEMBL1412343,150
Cc1ccccc1Nc1nc(N)nc(C)c1Br,CHEMBL1865796,150
Cc1cn([C@H]2CCCN(S(=O)(=O)c3ccc(O)c(Oc4cc(F)cc(Cl)c4)c3)C2)c(=O)[nH]c1=O,CHEMBL2331752,74.129999999999995
Cc1cn([C@H]2CCCN(S(=O)(=O)c3ccc(O)c(Oc4ccc(Cl)cc4)c3)C2)c(=O)[nH]c1=O,CHEMBL2331749,89.129999999999995
Cc1cn([C@H]2CCCN(S(=O)(=O)c3ccc(O)c(Oc4cccc(Br)c4)c3)C2)c(=O)[nH]c1=O,CHEMBL2331751,38.020000000000003
Cc1cn([C@H]2CCCN([C@@H](CC(C)(C)C)c3ccc(C(=O)O)c(Oc4cccc(Br)c4)c3)C2)c(=O)[nH]c1=O,CHEMBL2179278,3
Cc1cn([C@H]2CCCN([C@@H](CC(C)C)c3ccc(C(=O)O)c(Oc4cccc(Cl)c4)c3)C2)c(=O)[nH]c1=O,CHEMBL2179276,9.5500000000000007
Cc1cn([C@H]2CCCN([C@H](C)c3ccc(C(=O)O)c(Oc4cccc(Cl)c4)c3)C2)c(=O)[nH]c1=O,CHEMBL2179269,3.3900000000000001
Cc1cn([C@H]2CCCN([C@H](CC(C)(C)C)c3ccc(C(=O)O)c(Oc4cccc(Br)c4)c3)C2)c(=O)[nH]c1=O,CHEMBL2179277,48.979999999999997
Cc1cn([C@H]2CCCN([C@H](CC(C)C)c3ccc(C(=O)O)c(Oc4cccc(Cl)c4)c3)C2)c(=O)[nH]c1=O,CHEMBL2179275,9.1199999999999992
Cc1cn([C@H]2CCCN([C@H](CC3CCCCC3)c3ccc(C(=O)O)c(Oc4cccc(Cl)c4)c3)C2)c(=O)[nH]c1=O,CHEMBL2179284,42.659999999999997
Cc1cn([C@H]2CCCN([C@H](CC3CCOCC3)c3ccc(C(=O)O)c(Oc4cccc(Cl)c4)c3)C2)c(=O)[nH]c1=O,CHEMBL2179285,19.050000000000001
Cc1cnc(C(=O)NCCc2ccc(S(=O)(=O)NC(=O)NC3CCCCC3)cc2)cn1,CHEMBL1073,4.2699999999999996
Cc1cnc(Nc2ccc(F)cc2Cl)nc1-c1c[nH]c(C(=O)N[C@H](CO)c2cccc(Cl)c2)c1,CHEMBL583042,10.695
Cc1nc(C(=O)N2CCOC3(CCN(Cc4ccc(Cl)cc4)CC3)C2)cs1,CHEMBL1289545,47
Cc1nc(CSc2nc(N[C@H](C)CO)c3sc(=O)[nH]c3n2)cs1,CHEMBL402728,3.2999999999999998
Cc1nc2ccc(-c3ccc(Cl)cc3)cc2c(=O)n1C[C@H]1CCCN(C(C)C)C1,CHEMBL244936,3.7999999999999998
Cc1nc2ccc(Oc3ccc(F)cc3)cc2c(=O)n1C[C@H]1CCCN(C(C)C)C1,CHEMBL243001,10.470000000000001
Cc1nc2ccccn2c1-c1ccnc(N)n1,CHEMBL100979,21.379999999999999
Cc1nc2ncnn2c(O)c1CCOC(=O)c1c(F)cccc1F,CHEMBL1600648,64.340000000000003
Cc1nc2ncnn2c(O)c1CCOC(=O)c1ccccc1F,CHEMBL1904754,129
Cc1ncc2n1-c1ccc(Cl)cc1C(c1ccccc1F)=NC2,CHEMBL655,76.680000000000007
Cc1nccn1CC1CCc2c(c3ccccc3n2C)C1=O,CHEMBL46,3
Cc1nccn1CCC(C(N)=O)(c1ccccc1)c1ccccc1,CHEMBL53366,46
Cc1nn(-c2ccc(F)cc2)c(NS(=O)(=O)c2ccc(C#N)cc2)c1C(=O)N[C@@H](C)C(C)(C)C,CHEMBL1916288,4.5
Cc1nn(-c2ccc(F)cc2)c(NS(=O)(=O)c2ccc(C(F)(F)F)cc2)c1C(=O)N[C@@H](C)C(C)(C)C,CHEMBL1916289,4.0049999999999999
Cc1nn(-c2ccc(F)cc2)c(NS(=O)(=O)c2cccnc2)c1C(=O)N[C@@H](C)C(C)(C)C,CHEMBL1916287,12
Cc1nn(-c2ccccc2)c(N)c1-c1ccccc1,CHEMBL1416617,32.359999999999999
Cc1nn(-c2ccccc2)c(NC(=O)NS(=O)(=O)c2ccc(Cl)cc2)c1C#N,CHEMBL1204759,12.234999999999999
Cc1nn(-c2ccccc2)c(NS(=O)(=O)C2CCCCC2)c1C(=O)N[C@@H](C)C(C)(C)C,CHEMBL1916286,15
Cc1nn(-c2ccccc2)c(NS(=O)(=O)c2cccc(CN3CCOCC3)c2)c1C(=O)N[C@@H](C)C(C)(C)C,CHEMBL1916285,10
Cc1nn(C)c(C)c1-c1cccc2c(CCCOc3cccc4ccccc34)c(C(=O)O)[nH]c12,CHEMBL1984039,61.659999999999997
Cc1nn(C)c2cc(N3CCN(C(=O)[C@@H]4CCCC[C@H]4C(=O)NC4(C#N)CC4)[C@H](C)C3)ccc12,CHEMBL2172000,7.7700000000000005
Cc1nn(C)c2ccc(N3CCN(C(=O)[C@@H]4CCCC[C@H]4C(=O)NC4(C#N)CC4)[C@H](C)C3)cc12,CHEMBL2171999,3
Cc1nn(C2CCCCC2)c(N)c1-c1ccccc1,CHEMBL1364767,13.800000000000001
Cc1nn(C2CCOCC2)c(NS(=O)(=O)c2ccc(C3CC3)cc2)c1C(=O)N[C@@H](C)C(C)(C)C,CHEMBL1934426,3
Cc1nnc(C)c2cc(N3CCN(C(=O)[C@@H]4CCCC[C@H]4C(=O)NC4(C#N)CC4)[C@H](C)C3)ccc12,CHEMBL2172001,7.2400000000000002
Cc1noc(C)c1-c1ccc(CNS(=O)(=O)c2c(C)noc2C)cc1,CHEMBL1645392,19.050000000000001
Cc1noc(NS(=O)(=O)c2ccc(N)cc2)c1C,CHEMBL453,3
Cc1noc2cc(N3CCN(C(=O)[C@@H]4CCCC[C@H]4C(=O)NC4(C#N)CC4)[C@H](C)C3)ccc12,CHEMBL2169908,19.765000000000001
Cc1nocc1C(=O)Nc1ccc(-c2ccccc2OC(F)(F)F)c(N)n1,CHEMBL2324355,74.129999999999995
Cc1oc(-c2ccccc2)cc1C(=O)Nc1cccc(C(=O)O)c1,CHEMBL1531981,66.069999999999993
Cc1oc(=O)oc1CN1CCN(c2cc3c(cc2F)c(=O)c(C(=O)O)c2n3C(C)S2)CC1,CHEMBL422648,69.180000000000007
Cc1sc2c(c1C)C(c1ccc(Cl)cc1)=N[C@@H](CC(=O)OC(C)(C)C)c1nnc(C)n1-2,CHEMBL1957266,16.600000000000001
Cc1sc2ncnc(SCC(=O)N3CCN(C(=O)c4ccco4)CC3)c2c1C,CHEMBL1458025,102.33
Clc1ccc(COc2ccc(Br)cc2CN2CCOCC2)cc1,CHEMBL391379,54.950000000000003
Clc1ccc(Cn2c(-c3nn[nH]n3)cc3ccccc32)cc1Cl,CHEMBL131087,12.880000000000001
Clc1ccc2c(c1)CCc1cccnc1C2=C1CCNCC1,CHEMBL1172,26.920000000000002
Clc1ccc2ncc(-c3cccc(NC4CNC4)n3)n2c1,CHEMBL256963,19.050000000000001
Clc1cccc(-c2cnc3ccc(NC4CCOCC4)nn23)c1,CHEMBL426658,14.789999999999999
Clc1cccc(-n2nnnc2NCc2ccccc2Oc2ccccn2)c1Cl,CHEMBL1628691,150
Clc1ccccc1CN1CCc2sccc2C1,CHEMBL833,103.11499999999999
Cn1c(-c2ccccc2C(F)(F)F)nnc1C12CCC(c3noc(-c4ccc(F)cc4)n3)(CC1)CC2,CHEMBL370657,7.9400000000000004
Cn1c(=O)c(-c2c(Cl)cccc2Cl)cc2cnc(Nc3ccc(F)cc3)nc21,CHEMBL574059,6.1699999999999999
Cn1c(=O)c(Oc2ccc(F)cc2F)cc2cnc(NC(CCO)CCO)nc21,CHEMBL1090089,3
Cn1c(=O)c2c(ncn2C)n(C)c1=O,CHEMBL113,3
Cn1c(=O)c2nc[nH]c2n(C)c1=O,CHEMBL190,4.375
Cn1cc(C2=C(c3cccc(NCC(O)CO)c3)C(=O)NC2=O)c2cc(F)ccc21,CHEMBL1082152,41
Cn1cc(C2=C(c3cn(C4CCN(Cc5ccccn5)CC4)c4ccccc34)C(=O)NC2=O)c2ccccc21,CHEMBL300138,6
Cn1cnc2c(-c3ccc(C4(N)CCC4)cc3)c(-c3ccccc3)ccc21,CHEMBL2035037,3.3100000000000001
Cn1ncc(Cl)c1-c1cc(C(=O)N[C@H](CN)Cc2cccc(F)c2)sc1Cl,CHEMBL2219422,7.0800000000000001
Cn1sc(=O)c2cc(S(=O)(=O)NC3CC3)ccc21,CHEMBL1529080,150
Cn1sc(=O)c2cc(S(N)(=O)=O)ccc21,CHEMBL334167,22.460000000000001
FC(F)(F)Oc1ccc(-c2nnc(CCCCc3ccc4cccnc4n3)o2)cc1Cl,CHEMBL2153595,24.550000000000001
Fc1cccc(COc2ccc(Nc3ncnc4ccc(-c5cccc(N6CCOCC6)c5)cc34)cc2Cl)c1,CHEMBL2347404,44.670000000000002
N#CC1(NC(=O)[C@@H]2CCCC[C@H]2C(=O)N2CCN(c3nc4c(s3)COCC4)CC2)CC1,CHEMBL2071097,3
N#CC1(NC(=O)[C@@H]2CCCC[C@H]2C(=O)N2CCN(c3nc4ccncc4s3)CC2)CC1,CHEMBL2070950,5.7550000000000008
N#CC1(NC(=O)[C@@H]2CCCC[C@H]2C(=O)N2CCN(c3nc4cnccc4s3)CC2)CC1,CHEMBL2070951,3
N#CC1(NC(=O)[C@@H]2CCCC[C@H]2C(=O)N2CCN(c3nccs3)CC2)CC1,CHEMBL2070938,36.310000000000002
N#CC1(NC(=O)[C@@H]2CCCC[C@H]2C(=O)N2CCc3[nH]c4ccc(F)cc4c3C2)CC1,CHEMBL2164678,41.409999999999997
N#CC1(NC(=O)[C@@H]2CCCC[C@H]2C(=O)N2CCc3[nH]c4ncccc4c3C2)CC1,CHEMBL2163360,3
N#CCC(CNc1ncc(C(F)(F)F)cc1Cl)OC(=O)c1c(F)cccc1F,CHEMBL1874317,150
N#CCNC(=O)c1ccc(-c2ccnc(Nc3ccc(N4CCOCC4)cc3)n2)cc1,CHEMBL1078178,5.1299999999999999
N#C[C@]1(NC(=O)[C@@H](N)Cc2cccs2)C[C@H]1c1ccccc1,CHEMBL1080786,136
N#Cc1c(O)c2c(-c3ccc(-c4ccccc4O)cc3)csc2[nH]c1=O,CHEMBL512504,52.479999999999997
N#Cc1cc(-c2n[nH]c(-c3ccncc3)n2)ccn1,CHEMBL1078685,3
N#Cc1ccc(-c2ccc(NC(=O)Nc3ccc(-c4ccnc5[nH]cnc45)cc3)cc2)cc1,CHEMBL1951444,67.609999999999999
N#Cc1ccc(C(=O)Nc2ccc(-n3ccnc3)nc2)cc1,CHEMBL2017259,20.420000000000002
N#Cc1ccc(C(c2ccc(C#N)cc2)n2cncn2)cc1,CHEMBL1444,3
N#Cc1ccc(C[C@@H](C(=O)O)N2CCC(CN3CCC(Oc4ccc(Cl)c(Cl)c4)CC3)CC2)cc1,CHEMBL2158771,3
N#Cc1ccc(Cl)cc1S[C@H](CCN)c1ccccc1,CHEMBL1789155,150
N#Cc1ccc(NC(=O)Nc2ccccc2Br)c2nn[nH]c12,CHEMBL38182,69
N#Cc1ccc(OC2CCN(C[C@H](O)CNC(=O)c3c[nH]c(=O)c4ccccc34)CC2)cc1Cl,CHEMBL2207669,9
N#Cc1ccc2[nH]c(-c3ccc(F)cc3)c(CCCC(=O)NS(=O)(=O)C(F)(F)F)c2c1,CHEMBL257178,9.8000000000000007
N#Cc1ccc2[nH]c(-c3ccc(F)cc3)c(CCCC(=O)NS(N)(=O)=O)c2c1,CHEMBL257830,19.600000000000001
N#Cc1ccc2c(c1)N(CCN1CCC(NCc3ccc4c(n3)NC(=O)CO4)CC1)C(=O)CO2,CHEMBL1824041,8.5099999999999998
N#Cc1ccc2ccc(=O)n(CCN3CC[C@@H](NCc4ccc5c(n4)NC(=O)CO5)[C@@H](F)C3)c2c1,CHEMBL2165066,16.600000000000001
N#Cc1cccc(-c2cc(C(F)(F)F)ccc2OCC(=O)O)c1,CHEMBL1778628,3
N#Cc1cccc(-c2cc(Cl)ccc2OCC(=O)O)c1,CHEMBL1778636,5
N#Cc1cccc(-c2cccc(C(=O)O)c2)c1,CHEMBL2089277,8.1300000000000008
N#Cc1cccc(NCC(=O)Nc2c(Cl)ccc3nc(N4CC[C@@H](O)C4)ccc23)c1,CHEMBL551984,8
N#Cc1ccccc1CSc1nc(O)cc(O)n1,CHEMBL1498024,3
N#Cc1cnc(N2CCN(C(=O)[C@@H]3CCCC[C@H]3C(=O)NC3(C#N)CC3)CC2)s1,CHEMBL2070946,5.25
N=C(N)N1CCc2ccccc2C1,CHEMBL169901,3.98
N=C(N)NC(=O)c1nc(Cl)c(N)nc1N,CHEMBL945,3
N=c1c(S(=O)(=O)c2ccc(Cl)cc2)cc2c(=O)n3ccccc3nc2n1C1CCCC1,CHEMBL1309980,35.479999999999997
NC(=O)C(c1ccccc1)(c1ccccc1)[C@@H]1CCN(CCc2ccc3c(c2)CCO3)C1,CHEMBL1346,28.004999999999999
NC(=O)COc1cc(-c2cccc3c(=O)cc(N4CCOCC4)oc23)ccc1NC(=O)CN1CCOCC1,CHEMBL1669162,3
NC(=O)NC(=O)C(Nc1ccc2c(c1)CCC2)c1ccccc1,CHEMBL1734492,34.375
NC(=O)c1ccc(N(C(N)=O)c2c(F)cccc2F)nc1-c1ccc(F)cc1F,CHEMBL1090090,3
NC(=O)c1ccn2c(-c3ccccc3)c(-c3ccc(C4(N)CCC4)cc3)nc2c1,CHEMBL2035022,3.7200000000000002
NC(=O)c1cnc(-c2ccc(C3(N)CCC3)cc2)c(-c2ccccc2)c1,CHEMBL2035040,4.0649999999999995
NC1(c2ccc(-c3c(-c4ccccc4)ccc4ccnn34)cc2)CCC1,CHEMBL2035032,10.23
NC1(c2ccc(-c3c(-c4ccccc4)ccn4ccnc34)cc2)CCC1,CHEMBL2035033,79.560000000000002
NC1(c2ccc(-c3c(-c4ccccc4)ccn4ncnc34)cc2)CCC1,CHEMBL2035035,3
NC1(c2ccc(-c3nc4ccccc4cc3-c3ccccc3)cc2)CCC1,CHEMBL2035017,80.700000000000003
NC1(c2ccc(-c3nc4ccccn4c3-c3ccccc3)cc2)CCC1,CHEMBL2035021,84.099999999999994
NC1(c2ccc(-c3ncc4cccn4c3-c3ccccc3)cc2)CCC1,CHEMBL2035024,3
NC1(c2ccc(-c3ncc4cccnc4c3-c3ccccc3)cc2)CCC1,CHEMBL2035031,19.5
NC1(c2ccc(-c3ncc4cnccc4c3-c3ccccc3)cc2)CCC1,CHEMBL2035029,150
NC1(c2ccc(-c3ncc4nccn4c3-c3ccccc3)cc2)CCC1,CHEMBL2035025,9.6099999999999994
NC1(c2ccc(-c3nn4ccnc4cc3-c3ccccc3)cc2)CCC1,CHEMBL2035019,78.879999999999995
NC1=Nc2ccccc2Sc2cccc(F)c21,CHEMBL1981917,13.18
NC1=Nc2ccccc2Sc2ccccc21,CHEMBL2000014,7.9400000000000004
NCCCCCc1c[nH]c2ccc(F)cc12,CHEMBL1630742,74.129999999999995
NCCCCN(Cc1nc2ccccc2[nH]1)C1CCCc2cccnc21,CHEMBL1088913,30.719999999999999
NCCCCN(Cc1nc2ccccc2[nH]1)[C@H]1CCCc2cccnc21,CHEMBL518924,30.510000000000002
NCCc1ccc(O)c2nc(O)sc12,CHEMBL17357,150
NS(=O)(=O)c1cc(C(=O)O)c(NCc2ccco2)cc1Cl,CHEMBL35,3
NS(=O)(=O)c1ccc(-n2nc(C(F)(F)F)cc2-c2ccc(C(F)(F)F)cc2)cc1,CHEMBL285831,18.199999999999999
N[C@@H](C(=O)N[C@@H]1C(=O)N2C(C(=O)O)=C(Cl)CC[C@H]12)c1ccccc1,CHEMBL1013,3
N[C@@H]1CCCN(c2c(/C=C3\SC(=O)NC3=O)cccc2-c2ccncc2)C1,CHEMBL2048873,8.9100000000000001
N[C@@H]1CCCN(c2ccccc2/C=C2\SC(=O)NC2=O)C1,CHEMBL2048865,5.1299999999999999
Nc1[nH]ncc1-c1cc(Cl)ccc1Oc1cc(F)c(S(=O)(=O)Nc2cscn2)cc1Cl,CHEMBL2325014,5.6200000000000001
Nc1c(-c2ccccc2)nc(Cl)nc1-c1ccccc1,CHEMBL1502752,46.770000000000003
Nc1c(C(=O)c2cccc(OC[C@@H](O)CO)c2)cnn1-c1ccc(F)cc1,CHEMBL203567,3
Nc1c2c(nc3ccccc13)CCCC2,CHEMBL95,13.800000000000001
Nc1cc(C(=O)Nc2cccc(-c3nnn[nH]3)c2)cc(C(F)(F)F)c1,CHEMBL2031562,23.440000000000001
Nc1cc(C(F)(F)F)c(-c2cc(N3CCOCC3)nc(N3CCOCC3)n2)cn1,CHEMBL2017974,9.4250000000000007
Nc1ccc(-c2ccccc2Cl)cc1,CHEMBL2046990,123.03
Nc1ccc(OCCc2ccccc2)cc1,CHEMBL1532611,150
Nc1ccc2c(-c3ccncc3)c(-c3ccc(F)cc3)[nH]c2n1,CHEMBL112273,117.48999999999999
Nc1ccc2c(c1)Cc1cc(N)ccc1-2,CHEMBL81945,61.659999999999997
Nc1nc(-c2ccc(Cl)c(Cl)c2)c(-c2ccncc2)s1,CHEMBL1624302,19.050000000000001
Nc1nc2ccc(-c3ccncc3)cc2s1,CHEMBL1645107,29.510000000000002
Nc1nc2ccc(C(=O)c3ccccc3)cc2[nH]1,CHEMBL2030560,3
Nc1nc2ccc(F)cc2s1,CHEMBL98406,5.75
Nc1ncc(-c2ccc(S(=O)(=O)N3CCCC3)cc2)nc1C(=O)Nc1cccnc1,CHEMBL2177162,3
Nc1ncc2cc(-c3c(Br)cccc3Br)c(N)nc2n1,CHEMBL57531,120.23
Nc1ncnc2c1c(COc1cccc(Cl)c1)nn2C1CCOCC1,CHEMBL2069623,150
Nc1ncnc2c1ncn2[C@@H]1O[C@H](CO)[C@@H](O)[C@H]1O,CHEMBL477,3
Nc1ncnc2c1ncn2[C@@H]1O[C@H](CSCCCNC(=O)NCc2ccccc2)[C@@H](O)[C@H]1O,CHEMBL2170985,14.449999999999999
Nc1ncnc2c1ncn2[C@@H]1O[C@H](CSCCCNC(=O)Nc2ccc(Cl)cc2)[C@@H](O)[C@H]1O,CHEMBL2170994,93.329999999999998
Nc1ncnc2c1ncn2[C@@H]1O[C@H](CSCCCNC(=O)Nc2ccccc2)[C@@H](O)[C@H]1O,CHEMBL2170989,28.18
Nc1nnc(CCSCCc2nnc(NC(=O)Cc3ccccc3)s2)s1,CHEMBL2178393,72.439999999999998
O=C(C1CCCCC1)N1CC(=O)N2CCc3ccccc3C2C1,CHEMBL976,17.379999999999999
O=C(C1CCN(c2nnc(-n3cccc3)s2)CC1)N1CCN(Cc2ccc3c(c2)OCO3)CC1,CHEMBL1486517,50.119999999999997
O=C(C1CCN(c2nnc(-n3cccc3)s2)CC1)N1CCc2ccccc2C1,CHEMBL1465276,46.770000000000003
O=C(CC12CC3CC(CC(C3)C1)C2)Nc1cccc2c(=O)n(C(CO)CO)ccc12,CHEMBL551360,19
O=C(CC12CC3CC(CC(C3)C1)C2)Nc1cccc2c(=O)n(C[C@H]3CCCN3)ccc12,CHEMBL556680,43
O=C(CC1CCCCCC1)Nc1cccc2c(=O)n([C@H]3CCNC3)ccc12,CHEMBL552512,3.2000000000000002
O=C(CCCN1CCC(O)(c2ccc(Cl)cc2)CC1)c1ccc(F)cc1,CHEMBL54,14.24
O=C(CCCc1ccc2cccnc2n1)NCc1cc(-c2ccc(F)c(C(F)(F)F)c2)no1,CHEMBL2153581,19.949999999999999
O=C(CCOCCc1ccccc1)NCCNCCc1ccc(O)c2nc(O)sc12,CHEMBL111775,71.989999999999995
O=C(CN1CCOCC1)Nc1ccc(-c2cccc3c(=O)cc(N4CCOCC4)oc23)cc1-c1ccccc1,CHEMBL1669170,123.03
O=C(CN1CCOCC1)Nc1ccc(-c2cccc3c(=O)cc(N4CCOCC4)oc23)cc1O,CHEMBL1669157,18.620000000000001
O=C(CN1CCOCC1)Nc1ccc(-c2cccc3c(=O)cc(N4CCOCC4)oc23)cc1OCC1CC1,CHEMBL1669154,95.5
O=C(CN1CCOCC1)Nc1ccc(-c2cccc3c(=O)cc(N4CCOCC4)oc23)cc1OCCN1CCCC1,CHEMBL1669164,5.5
O=C(CO)N1CCC(c2[nH]nc(-c3ccc(Cl)cc3F)c2-c2ccncn2)CC1,CHEMBL1614705,3
O=C(CSc1ccccc1)N1CCN(C(=O)c2ccco2)CC1,CHEMBL1448843,64.569999999999993
O=C(CSc1nc2c(c(=O)n1-c1ccccc1)SCC2)Nc1ccc(-c2ccccc2)cn1,CHEMBL2323231,150
O=C(CSc1nc2c(c(=O)n1-c1ccccc1)SCC2)Nc1ncc(-c2ccccc2)s1,CHEMBL2323239,128.81999999999999
O=C(Cc1ccc(Cl)c(C(F)(F)F)c1)Nc1cccc2c(=O)n(CCO)ccc12,CHEMBL560219,21.5
O=C(Cc1ccc(F)c(C(F)(F)F)c1)Nc1cccc2c(=O)n([C@@H]3CNC[C@H]3O)ccc12,CHEMBL552513,3
O=C(NC1CC1)c1cn(-c2cccc(C#Cc3cccnc3)c2)c2ncccc2c1=O,CHEMBL521509,29
O=C(NCC1(O)CCCCCC1)c1cc(-c2ccccc2C(=O)O)ccc1Cl,CHEMBL564737,12.5
O=C(NCC1(O)CCCCCC1)c1cc(-n2ncc(=O)[nH]c2=O)ccc1Cl,CHEMBL560423,3
O=C(NCC12CC3CC(CC(C3)C1)C2)c1c(Cl)ccc2nc(N3CCC[C@H](NCCc4nnn[nH]4)C3)ccc12,CHEMBL551707,13
O=C(NCC12CC3CC(CC(C3)C1)C2)c1cc(-n2ncc(=O)[nH]c2=O)ccc1Cl,CHEMBL551170,26.149999999999999
O=C(NCC12CC3CC(CC(C3)C1)C2)c1cc(CN2CC3CNCC(C2)O3)ccc1Cl,CHEMBL235392,9
O=C(NCC12CC3CC(CC(C3)C1)C2)c1cc(CN2CCNCC2)ccc1Cl,CHEMBL235789,4.2300000000000004
O=C(NCC12CC3CC(CC(C3)C1)C2)c1ccnc(N2CCNCC2)c1Cl,CHEMBL562698,7.2000000000000002
O=C(NCC12CC3CC(CC(C3)C1)C2)c1ccnc(NCC2CCNCC2)c1Cl,CHEMBL564885,4
O=C(NCC1CCCCCC1)c1cc(-c2cccnc2N2CCC(C(=O)O)CC2)ccc1Cl,CHEMBL551765,15
O=C(NCC1CCCCN1)c1cc(OCC(F)(F)F)ccc1OCC(F)(F)F,CHEMBL652,3
O=C(NCCCCCCNCCc1ccc(O)c2nc(O)sc12)Nc1ccccc1,CHEMBL109244,98
O=C(NCCc1ccccc1Cl)c1cc(-n2ncc(=O)[nH]c2=O)ccc1Cl,CHEMBL559968,8
O=C(NC[C@@H](O)CN1CCC(Oc2ccc(Cl)c(Cl)c2)CC1)c1c[nH]c(=O)c2cc(S(=O)(=O)N3CCC3)ccc12,CHEMBL2207654,3
O=C(NCc1ccc(OC(F)(F)F)cc1)C1c2ccccc2C(=O)N1CC1CC(F)(F)C1,CHEMBL2164377,10
O=C(NCc1ccccc1)c1cc(-c2ccco2)on1,CHEMBL1351332,138.03999999999999
O=C(NCc1ccccc1)c1ccc2cccnc2c1O,CHEMBL217943,22.77
O=C(NCc1cccnc1)c1cc(-c2ccco2)on1,CHEMBL1455229,150
O=C(NS(=O)(=O)c1ccccc1Cl)c1ccc[nH]1,CHEMBL1519272,3.3100000000000001
O=C(N[C@H](CO)[C@H](O)c1ccc([N+](=O)[O-])cc1)C(Cl)Cl,CHEMBL130,69.180000000000007
O=C(N[C@H](Cc1ccc(Cl)cc1)C(=O)N1CCC(Cn2cncn2)(C2CCCCC2)CC1)[C@H]1Cc2ccccc2CN1,CHEMBL339053,34.140000000000001
O=C(Nc1c(Cl)cncc1Cl)c1ccc(OC(F)F)c(OCC2CC2)c1,CHEMBL193240,150
O=C(Nc1c[nH]nc1-c1nc2ccc(CN3CCOCC3)cc2[nH]1)NC1CC1,CHEMBL495727,3
O=C(Nc1cc(-c2ccnc(Nc3ccc(F)cc3)c2)ccn1)C1CCOCC1,CHEMBL205078,82.394999999999996
O=C(Nc1cc(-c2ccnc(Nc3ccccc3)c2)ccn1)C1CCOCC1,CHEMBL203059,83.109999999999999
O=C(Nc1cc(-c2ccncc2)c[nH]c1=O)[C@H](Cc1ccccc1)NC1(c2ccccn2)CC1,CHEMBL2164850,150
O=C(Nc1ccc(CCO)cc1)c1cc2cc(Cl)ccc2[nH]1,CHEMBL496929,63.100000000000001
O=C(Nc1ccc(Cl)c(S(=O)(=O)N2CCNCC2)c1O)Nc1cccc(F)c1Cl,CHEMBL2178579,22.175000000000001
O=C(Nc1ccc(F)cc1)c1ccc(Cl)[n+]([O-])c1,CHEMBL60066,149
O=C(Nc1ccc(N2CCNCC2)cc1)c1ccc(-c2ccc(Cl)cc2)o1,CHEMBL1938680,3
O=C(Nc1cccc(-c2nnn[nH]2)c1)c1cc(C(F)(F)F)cc2[nH]cnc12,CHEMBL2031559,17.379999999999999
O=C(Nc1cccc(-c2nnn[nH]2)c1)c1cc(F)cc2[nH]cnc12,CHEMBL2031563,67.609999999999999
O=C(Nc1cccc(-c2nnn[nH]2)c1)c1cc(O)cc(C(F)(F)F)c1,CHEMBL2031561,29.510000000000002
O=C(Nc1cccc(-c2nnn[nH]2)c1)c1cccc2[nH]cnc12,CHEMBL2031556,44.670000000000002
O=C(Nc1cccc(CCO)c1)c1cc2cc(Cl)ccc2[nH]1,CHEMBL495383,150
O=C(Nc1cccc(Cl)c1)c1ccccn1,CHEMBL556667,150
O=C(Nc1ccccc1)c1ccc2cccc(O)c2n1,CHEMBL1945883,139
O=C(Nc1ccccc1-c1ccccc1)OC1CCN(CCCCCCCCCNC[C@H](O)c2ccc(O)c3[nH]c(=O)ccc23)CC1,CHEMBL1683934,25.329999999999998
O=C(Nc1ccccc1Cl)c1cc[nH]n1,CHEMBL1587607,150
O=C(Nc1ccccc1F)NC1N=C(c2ccccc2)c2ccccc2NC1=O,CHEMBL202626,16.219999999999999
O=C(Nc1ccccc1F)N[C@H]1N=C(c2ccccc2)c2ccccc2NC1=O,CHEMBL223402,9.1199999999999992
O=C(Nc1ccncc1)c1cccc2ccccc12,CHEMBL1381233,25.120000000000001
O=C(Nc1nc2c(=O)[nH]cnc2s1)c1ccccc1,CHEMBL1975242,150
O=C(Nc1nc2ccccc2[nH]1)c1ccccc1,CHEMBL210730,150
O=C(Nc1nc2ccccc2n1CCCO)c1cccc([N+](=O)[O-])c1,CHEMBL210887,85.109999999999999
O=C(Nc1nc2ccccc2n1CCN1CCOCC1)c1cccc([N+](=O)[O-])c1,CHEMBL379787,150
O=C(Nc1nc2ccccc2s1)c1ccccc1,CHEMBL1427959,71.094999999999999
O=C(Nc1ncc(F)s1)C(CC1CCOCC1)c1ccc(S(=O)(=O)C2CC2)cc1,CHEMBL1164184,5.5
O=C(O)C1(c2ccc(-c3ccc(Cl)c(Cl)c3)c(F)c2)CC1,CHEMBL196945,38.899999999999999
O=C(O)C1CSC(c2ccccc2Cl)N1C(=O)c1ccc(Cl)cc1,CHEMBL1583280,15.49
O=C(O)CCCCCCc1ccc(Cc2ccc3ccccc3n2)cc1,CHEMBL106309,150
O=C(O)CC[C@@H](Cc1ccc(OCc2ccccc2)cc1)NC(=O)CCCCCCc1ccccc1,CHEMBL1084102,17.379999999999999
O=C(O)CCc1ccc(OCc2cc(Cl)ccc2-c2ccccc2)cc1,CHEMBL2058529,17.59
O=C(O)CCc1ccc(OCc2cccc(Br)c2)cc1,CHEMBL1773254,139.41
O=C(O)CCc1ccc(OCc2cccc(Oc3ccccc3)c2)cc1,CHEMBL1688458,123.86
O=C(O)CCc1nc(-c2ccccc2)c(-c2ccccc2)o1,CHEMBL1071,6.46
O=C(O)CCn1c2c(c3ccccc31)C[C@H](NS(=O)(=O)c1ccc(F)cc1)CC2,CHEMBL361812,4.9050000000000002
O=C(O)CN1C(=O)C(=O)c2ccccc21,CHEMBL222989,26.920000000000002
O=C(O)COc1ccc(C(=O)c2cccs2)c(Cl)c1Cl,CHEMBL267744,61
O=C(O)COc1ccc(C(F)(F)F)cc1CN1CCN(C(=O)c2ccccc2)CC1,CHEMBL1689112,3
O=C(O)COc1ccc(C(F)(F)F)cc1CN1CCN(S(=O)(=O)c2ccccc2)CC1,CHEMBL1689110,3
O=C(O)COc1ccc(Cl)cc1CN1CCC(S(=O)(=O)c2ccccc2)CC1,CHEMBL1689116,3
O=C(O)COc1ccc(Cl)cc1CN1CCCN(S(=O)(=O)Cc2ccccc2)CC1,CHEMBL1689115,18
O=C(O)COc1ccc(Cl)cc1CN1CCCN(S(=O)(=O)c2ccccc2)CC1,CHEMBL1689114,5
O=C(O)COc1ccc(Cl)cc1CN1CCN(S(=O)(=O)Cc2ccccc2)CC1,CHEMBL1689111,6
O=C(O)COc1ccc(Cl)cc1CN1CCN(S(=O)(=O)c2ccc(F)cc2)CC1,CHEMBL1689117,3
O=C(O)COc1ccc(Cl)cc1CN1CCN(S(=O)(=O)c2ccccc2)CC1,CHEMBL1689109,3
O=C(O)COc1cccc(N2CCC(CN3CCC(Oc4ccc(Cl)c(Cl)c4)CC3)CC2)c1,CHEMBL2158829,3
O=C(O)COc1ccccc1N1CCC(CN2CCC(Oc3ccc(Cl)c(Cl)c3)CC2)CC1,CHEMBL2158828,3
O=C(O)C[C@H](O)C[C@H](O)/C=C/c1c(C2CC2)nc2ccccc2c1-c1ccc(F)cc1,CHEMBL1201753,10.805
O=C(O)C[C@H]1CC[C@H](c2ccc(-c3ccc(Nc4ccc(C(F)(F)F)nc4)cn3)cc2)CC1,CHEMBL2364624,7.2400000000000002
O=C(O)Cc1ccc(N2CCC(CN3CCC(Oc4ccc(Cl)c(Cl)c4)CC3)CC2)cc1,CHEMBL2158827,9
O=C(O)Cc1cccc(N2CCC(CN3CCC(Oc4ccc(Cl)c(Cl)c4)CC3)CC2)c1,CHEMBL2158826,3
O=C(O)Cc1ccccc1N1CCC(CN2CCC(Oc3ccc(Cl)c(Cl)c3)CC2)CC1,CHEMBL2158825,3
O=C(O)[C@H](Cc1ccc(F)cc1)N1CCC(CN2CCC(Oc3ccc(Cl)cc3)CC2)CC1,CHEMBL2158778,3
O=C(O)[C@H](Cc1ccc(F)cc1)N1CCC(CN2CCC(Oc3ccc(Cl)cc3Cl)CC2)CC1,CHEMBL2158779,3
O=C(O)[C@H](Cc1ccccc1)N1CCC(CN2CCC(Oc3ccc(CO)c(Cl)c3)CC2)CC1,CHEMBL272842,28
O=C(O)[C@H](Cc1ccccc1F)N1CCC(CN2CCC(Oc3ccc(Cl)c(Cl)c3)CC2)CC1,CHEMBL2158839,3
O=C(O)c1cc(-c2ccc(F)cc2F)ccc1O,CHEMBL898,8.2699999999999996
O=C(O)c1cc2cc(OCc3ccccc3)ccc2[nH]1,CHEMBL24850,25.699999999999999
O=C(O)c1cc2ccccc2[nH]1,CHEMBL278390,10.960000000000001
O=C(O)c1ccc(-c2ccc(Cl)c(C(=O)NCC34CC5CC(CC(C5)C3)C4)c2)cc1,CHEMBL564607,3
O=C(O)c1ccc(-n2nc(C(F)(F)F)cc2-c2ccc(C(F)(F)F)cc2)cc1,CHEMBL242403,9.3300000000000001
O=C(O)c1cncc(-c2ccc(Cl)c(C(=O)NCC34CC5CC(CC(C5)C3)C4)c2)c1,CHEMBL550902,7
O=C(O[C@H]1C[N+]2(CCCOc3ccccc3)CCC1CC2)C(O)(c1cccs1)c1cccs1,CHEMBL1194325,71.995000000000005
O=C([C@@H]1CCCN1)N1CCN(c2nc(NCc3ccc(Cl)cc3Cl)c3cccnc3n2)CC1,CHEMBL394859,6
O=C([C@H]1CCCCN1)N1CCN(c2nc(NCc3ccc(Cl)cc3Cl)c3cccnc3n2)CC1,CHEMBL2018953,9.8800000000000008
O=C(c1ccc(F)cc1)C1CCN(CCn2c(=O)[nH]c3ccccc3c2=O)CC1,CHEMBL51,27.375
O=C(c1ccc(O)cc1O)N1CCCC1,CHEMBL472658,150
O=C(c1ccc(OCCN2CCCCC2)cc1)c1c(-c2ccc(O)cc2)sc2cc(O)ccc12,CHEMBL81,30
O=C(c1cccc(Cc2n[nH]c(=O)c3ccccc23)c1)N1CCN(c2ncccn2)CC1,CHEMBL521809,100
O=C(c1cccc(Cl)c1Cl)N1CCN(c2ccccn2)CC1,CHEMBL1458496,150
O=C(c1ccccc1)N1CCC2(CCN(Cc3cccc(Cl)c3)CC2)CC1,CHEMBL1290183,3
O=C(c1ccccc1)N1CCN(Cc2ccccc2)CC1,CHEMBL240317,150
O=C(c1csc2c1CCCC2)N1CCCCC1,CHEMBL1526668,150
O=C1CC2(CCCC2)CC(=O)N1CCCCN1CCN(c2ncccn2)CC1,CHEMBL49,38.899999999999999
O=C1CN(/N=C/c2ccc([N+](=O)[O-])o2)C(=O)N1,CHEMBL572,3
O=C1CN=C(c2ccccc2Cl)c2cc([N+](=O)[O-])ccc2N1,CHEMBL452,3.7200000000000002
O=C1COC2(CCN(S(=O)(=O)c3ccc(-c4ccc5cccnc5c4)cc3)CC2)CN1C1CC1,CHEMBL2147032,49.125
O=C1COC2(CCN(S(=O)(=O)c3ccc(-c4ccc5cnccc5c4)cc3)CC2)CN1C1CC1,CHEMBL2147033,150
O=C1COc2c(CCNCCN(C(=O)CCNCCc3ccc(Cl)c(Cl)c3)C3CCCCC3)ccc(O)c2N1,CHEMBL2169920,22
O=C1NC(=O)/C(=C/c2ccc3c(c2)OC(F)(F)O3)S1,CHEMBL1231533,4.1699999999999999
O=C1NC(=O)C(=CC=Cc2ccccc2)S1,CHEMBL2132954,10.470000000000001
O=C1NC(=O)C(c2cnc3ccccn23)=C1c1cn2c3c(cccc13)CN(C(=O)N1CCOCC1)CC2,CHEMBL178737,38
O=C1Nc2ccc(Cl)cc2C(c2ccccc2)=NC1O,CHEMBL568,8.5099999999999998
O=C1Nc2ccc(Cl)cc2C(c2ccccc2Cl)=NC1O,CHEMBL580,10.975
O=C1Nc2ccc(Cl)cc2[C@@](C#CC2CC2)(C(F)(F)F)O1,CHEMBL223228,8.5099999999999998
O=C1Nc2ccccc2B(O)N1c1ccccc1,CHEMBL168899,7.9400000000000004
O=C1[C@@H]2[C@@H]3CC[C@@H](C3)[C@@H]2C(=O)N1[C@H]1CC[C@H](C(=O)Nc2cccc3cccnc23)CC1,CHEMBL1956163,150
O=CN(O)CCCP(=O)(O)O,CHEMBL203125,3
O=CNc1cc([C@@H](O)CNCCc2ccc(NC[C@H](O)c3ccccc3)cc2)ccc1O,CHEMBL1940832,3
O=S(=O)(CCCOCCc1ccccc1)CCNCCc1ccc(O)c2nc(O)sc12,CHEMBL82663,66.75
O=S(=O)(Nc1ccc(C(F)(F)F)cc1)c1ccc2sc(CO)nc2c1,CHEMBL2088415,15.49
O=S(=O)(Nc1ccc2sc(CO)nc2c1)c1ccc(Br)cc1,CHEMBL2088414,24.550000000000001
O=S(=O)(c1cccc2cnccc12)N1CCCNCC1,CHEMBL38380,150
O=S(=O)(c1ccccc1)N(CC(F)(F)F)c1ccc(C(O)(C(F)(F)F)C(F)(F)F)cc1,CHEMBL62136,9.75
O=S(=O)(c1ccccc1)N1CCN(Cc2ccccc2)CC1,CHEMBL272551,150
O=S1(=O)CC(O)C(N2CCC(c3ccccc3)CC2)C1,CHEMBL1460615,75.859999999999999
O=c1[nH]c2c(O)ccc([C@@H](O)CNCCCOCCNCCc3cccc(Cl)c3)c2s1,CHEMBL1807872,3
O=c1[nH]c2c(O)ccc([C@@H](O)CNCCCOCCOCCc3cccc4ccccc34)c2s1,CHEMBL1807822,118
O=c1[nH]c2c(O)ccc([C@@H](O)CNCCCOCCOCCc3ccccc3)c2s1,CHEMBL1807821,30.5
O=c1[nH]c2c(O)ccc([C@@H](O)CNCCCSCCNCCc3ccccc3Cl)c2s1,CHEMBL1807870,12
O=c1[nH]c2c(O)ccc([C@@H](O)CNCCCSCCOCCc3cccc4ccccc34)c2s1,CHEMBL1807820,49.890000000000001
O=c1[nH]c2c(O)ccc([C@@H](O)CNCCCSCCOCCc3ccccc3)c2s1,CHEMBL1807818,113
O=c1[nH]c2c(O)ccc([C@@H](O)CNCCOc3cccc(CNCCc4ccccc4F)c3)c2s1,CHEMBL1945298,23
O=c1[nH]c2c(O)ccc([C@@H](O)CNCCSCCCNCCc3cccc(C(F)(F)F)c3)c2s1,CHEMBL1807826,6
O=c1[nH]c2c(O)ccc([C@@H](O)CNCCSCCCNCCc3cccc(Cl)c3)c2s1,CHEMBL1807827,5
O=c1[nH]c2c(O)ccc([C@@H](O)CNCCSCCCNCCc3cccc(Cl)c3Cl)c2s1,CHEMBL1807829,11.220000000000001
O=c1[nH]c2c(O)ccc([C@@H](O)CNCCSCCCNCCc3ccccc3)c2s1,CHEMBL1807823,6
O=c1[nH]c2c(O)ccc([C@@H](O)CNCCSCCCOCCc3ccccc3)c2s1,CHEMBL1807817,150
O=c1[nH]c2c(O)ccc([C@@H](O)CNCCc3ccc(CNCCc4ccccc4F)cc3)c2s1,CHEMBL1944692,14
O=c1[nH]c2c(O)ccc([C@@H](O)CNCCc3ccc(CNCCc4ccccn4)cc3)c2s1,CHEMBL1945034,3
O=c1[nH]c2c(O)ccc([C@@H](O)CNCCc3cccc(CN4CCC(c5ccccc5)CC4)c3)c2s1,CHEMBL1947153,29
O=c1[nH]c2c(O)ccc([C@@H](O)CNCCc3cccc(CNCCCc4ccccc4)c3)c2s1,CHEMBL1945037,19
O=c1[nH]c2c(O)ccc([C@@H](O)CNCCc3cccc(CNCCc4c(Cl)cccc4Cl)c3)c2s1,CHEMBL1947157,41.585000000000001
O=c1[nH]c2c(O)ccc([C@@H](O)CNCCc3cccc(CNCCc4ccccc4Cl)c3)c2s1,CHEMBL1944690,42
O=c1[nH]c2c(O)ccc([C@@H](O)CNCCc3cccc(CNCCc4ccccc4F)c3)c2s1,CHEMBL1944691,12.5
O=c1[nH]c2c(O)ccc([C@@H](O)CNCCc3cccc(CNCCc4ccccn4)c3)c2s1,CHEMBL1945033,6.5
O=c1[nH]c2c(O)ccc([C@@H](O)CNCCc3cccc(CNCc4ccccc4Cl)c3)c2s1,CHEMBL1945041,60
O=c1[nH]c2c(O)ccc([C@@H](O)CNCCc3ccccc3CNCCc3ccccc3F)c2s1,CHEMBL1945035,107
O=c1[nH]c2c(O)ccc([C@@H](O)CN[C@H]3CCC[C@@H]3OCc3ccccc3)c2s1,CHEMBL1221681,108
O=c1[nH]c2cc(Cl)ccc2o1,CHEMBL1371,10.960000000000001
O=c1c2c3n(c(=O)cc2[nH]n1-c1ccccc1Cl)CCCN(Cc1ccccc1)C3,CHEMBL1962788,3
O=c1c2ccccc2[nH]n1Cc1c[nH]c2ccccc12,CHEMBL3144574,4.3700000000000001
O=c1c2sccc2n(CC2COc3ccccc3O2)c(=O)n1O,CHEMBL361546,74.844999999999999
O=c1cc(-c2ccc(Br)cc2)oc2ccccc12,CHEMBL294099,3
O=c1cc(-c2cccnc2)[nH]c2cc(C(O)c3ccccc3)ccc12,CHEMBL1645496,46
O=c1cc(-c2cccnc2)[nH]c2cc(Cc3ccccc3)ccc12,CHEMBL1645495,50
O=c1cc(N2CCOCC2)nc2n(Cc3cccc(Cl)c3Cl)ccn12,CHEMBL1957840,24.550000000000001
O=c1ccc2ccc(O)cc2o1,CHEMBL51628,123.03
O=c1nc(NCc2ccccc2)sn1Cc1ccccc1,CHEMBL259081,19.949999999999999
OB1c2ccccc2N=C(S)N1c1cccnc1,CHEMBL435859,3
OC(c1ccc(-c2ccc(CN3CCN(Cc4ccncc4)CC3)cc2)c(F)c1)(C(F)(F)F)C(F)(F)F,CHEMBL2137199,10.505000000000001
OCc1cc(C(O)CNCCCCCCOCCCCc2ccccc2)ccc1O,CHEMBL1263,85
Oc1nc2c(O)ccc(CCNCCCCCCOCCc3ccccc3)c2s1,CHEMBL320714,88
Oc1nc2c(O)ccc(CCNCCCOCCOCCc3ccccc3)c2s1,CHEMBL108546,144
Oc1nc2c(O)ccc(CCNCCOCCCOCCc3ccccc3)c2s1,CHEMBL110861,150
Oc1nc2ccccc2n1C1CCN(Cc2ccc(-c3nc4ccccc4cc3-c3ccccc3)cc2)CC1,CHEMBL359864,19.239999999999998
Oc1ncnc2c1c(-c1ccccc1)cn2-c1ccc(Br)cc1,CHEMBL1423878,52.479999999999997
[O-][S+](c1ccccc1)c1ccc2nnnn2n1,CHEMBL271023,150
c1ccc(CSc2nc3cccnc3[nH]2)cc1,CHEMBL1405928,91
c1ccc(Nc2[nH]nnc2-c2ccccc2)cc1,CHEMBL1345333,111
c1ccc(Nc2nc3c(s2)CCCc2n[nH]cc2-3)nc1,CHEMBL1830707,36.310000000000002
c1ccc(Oc2nccc3ccccc23)cc1,CHEMBL1644374,150
c1ccc([C@H]([C@@H](c2ccccc2)N2CCCCC2)N2CCCCC2)cc1,CHEMBL2152523,12.02
c1csc(Cn2nnnc2CN2CCN(c3nc4ccccc4s3)CC2)c1,CHEMBL1425658,150
